x,t,v
407.44839244929426,0.8999999999999986,98.0
407.44839244929426,1.8999999999999986,104.0
407.44839244929426,2.8999999999999986,102.0
407.44839244929426,3.8999999999999986,115.0
407.44839244929426,4.899999999999999,114.0
407.44839244929426,5.899999999999999,114.0
407.44839244929426,6.899999999999999,102.0
407.44839244929426,7.899999999999999,95.0
407.44839244929426,8.899999999999999,97.0
407.44839244929426,9.899999999999999,98.0
407.44839244929426,10.899999999999999,100.0
407.44839244929426,11.899999999999999,92.0
407.44839244929426,12.899999999999999,117.0
407.44839244929426,13.899999999999999,99.0
407.44839244929426,14.899999999999999,103.0
407.44839244929426,15.899999999999999,103.0
407.44839244929426,16.9,101.0
407.44839244929426,17.9,106.0
407.44839244929426,18.9,103.0
407.44839244929426,19.9,106.0
407.44839244929426,20.9,99.0
407.44839244929426,21.9,101.0
407.44839244929426,22.9,98.0
407.44839244929426,23.9,104.0
407.44839244929426,24.9,102.0
407.44839244929426,25.9,104.0
407.44839244929426,26.9,100.0
407.44839244929426,27.9,93.0
407.44839244929426,28.9,107.0
407.44839244929426,29.9,99.0
407.44839244929426,30.9,107.0
407.44839244929426,31.9,100.0
407.44839244929426,32.9,92.0
407.44839244929426,33.9,97.0
407.44839244929426,34.9,97.0
407.44839244929426,35.9,112.0
407.44839244929426,36.9,101.0
407.44839244929426,37.9,99.0
407.44839244929426,38.9,99.0
407.44839244929426,39.9,96.0
407.44839244929426,40.9,102.0
407.44839244929426,41.9,101.0
407.44839244929426,42.9,99.0
407.44839244929426,43.9,99.0
407.44839244929426,44.9,97.0
407.44839244929426,45.9,100.0
407.44839244929426,46.9,103.0
407.44839244929426,47.9,109.0
407.44839244929426,48.9,102.0
407.44839244929426,49.9,98.0
407.44839244929426,50.9,103.0
407.44839244929426,51.9,109.0
407.44839244929426,52.9,108.0
407.44839244929426,53.9,94.0
407.44839244929426,54.9,91.0
407.44839244929426,55.9,107.0
407.44839244929426,56.9,111.0
407.44839244929426,57.9,104.0
407.44839244929426,58.9,107.0
407.44839244929426,59.9,110.0
407.44839244929426,60.9,102.0
407.44839244929426,61.9,101.0
407.44839244929426,62.9,103.0
407.44839244929426,63.9,109.0
407.44839244929426,64.9,98.0
407.44839244929426,65.9,105.0
407.44839244929426,66.9,101.0
407.44839244929426,67.9,100.0
407.44839244929426,68.9,96.0
407.44839244929426,69.9,110.0
407.44839244929426,70.9,101.0
407.44839244929426,71.9,112.0
407.44839244929426,72.9,99.0
407.44839244929426,73.9,99.0
407.44839244929426,74.9,111.0
407.44839244929426,75.9,98.0
407.44839244929426,76.9,101.0
407.44839244929426,77.9,107.0
407.44839244929426,78.9,100.0
407.44839244929426,79.9,101.0
407.44839244929426,80.9,108.0
407.44839244929426,81.9,104.0
407.44839244929426,82.9,94.0
407.44839244929426,83.9,106.0
407.44839244929426,84.9,105.0
407.44839244929426,85.9,102.0
407.44839244929426,86.9,101.0
407.44839244929426,87.9,105.0
407.44839244929426,88.9,93.0
407.44839244929426,89.9,103.0
407.44839244929426,90.9,107.0
407.44839244929426,91.9,103.0
407.44839244929426,92.9,94.0
407.44839244929426,93.9,94.0
407.44839244929426,94.9,103.0
407.44839244929426,95.9,99.0
407.44839244929426,96.9,108.0
407.44839244929426,97.9,105.0
407.44839244929426,98.9,108.0
407.44839244929426,99.9,115.0
407.44839244929426,100.9,102.0
407.44839244929426,101.9,104.0
407.44839244929426,102.9,101.0
407.44839244929426,103.9,104.0
407.44839244929426,104.9,103.0
407.44839244929426,105.9,106.0
407.44839244929426,106.9,102.0
407.44839244929426,107.9,106.0
407.44839244929426,108.9,106.0
407.44839244929426,110.9,109.0
407.44839244929426,111.9,102.0
407.44839244929426,112.9,107.0
407.44839244929426,114.9,108.0
407.44839244929426,115.9,99.0
407.44839244929426,116.9,105.0
407.44839244929426,117.9,102.0
407.44839244929426,118.9,98.0
407.44839244929426,119.9,105.0
407.44839244929426,120.9,99.0
407.44839244929426,121.9,96.0
407.44839244929426,122.9,102.0
407.44839244929426,123.9,105.0
407.44839244929426,124.9,107.0
407.44839244929426,125.9,101.0
407.44839244929426,126.9,104.0
407.44839244929426,127.9,100.0
407.44839244929426,128.9,97.0
407.44839244929426,129.9,105.0
407.44839244929426,130.9,114.0
407.44839244929426,131.9,102.0
407.44839244929426,132.9,92.0
407.44839244929426,133.9,100.0
407.44839244929426,134.9,100.0
407.44839244929426,135.9,97.0
407.44839244929426,136.9,100.0
407.44839244929426,137.9,104.0
407.44839244929426,138.9,116.0
407.44839244929426,139.9,101.0
407.44839244929426,140.9,105.0
407.44839244929426,141.9,107.0
407.44839244929426,142.9,92.0
407.44839244929426,143.9,106.0
407.44839244929426,144.9,101.0
407.44839244929426,145.9,106.0
407.44839244929426,146.9,88.0
407.44839244929426,147.9,110.0
407.44839244929426,149.9,103.0
407.44839244929426,150.9,97.0
407.44839244929426,151.9,100.0
407.44839244929426,152.9,98.0
407.44839244929426,153.9,96.0
407.44839244929426,154.9,93.0
407.44839244929426,155.9,102.0
407.44839244929426,156.9,95.0
407.44839244929426,157.9,100.0
407.44839244929426,158.9,104.0
407.44839244929426,159.9,100.0
407.44839244929426,160.9,99.0
407.44839244929426,161.9,103.0
407.44839244929426,162.9,110.0
407.44839244929426,163.9,100.0
407.44839244929426,164.9,100.0
407.44839244929426,165.9,102.0
407.44839244929426,166.9,101.0
407.44839244929426,167.9,108.0
407.44839244929426,168.9,90.0
407.44839244929426,169.9,99.0
407.44839244929426,170.9,102.0
407.44839244929426,171.9,105.0
407.44839244929426,172.9,99.0
407.44839244929426,173.9,94.0
407.44839244929426,174.9,102.0
407.44839244929426,175.9,103.0
407.44839244929426,176.9,100.0
407.44839244929426,177.9,107.0
407.44839244929426,178.9,108.0
407.44839244929426,179.9,101.0
407.44839244929426,180.9,107.0
407.44839244929426,181.9,99.0
407.44839244929426,182.9,102.0
407.44839244929426,183.9,106.0
407.44839244929426,184.9,104.0
407.44839244929426,185.9,96.0
407.44839244929426,186.9,87.0
407.44839244929426,187.9,102.0
407.44839244929426,188.9,100.0
407.44839244929426,189.9,98.0
407.44839244929426,190.9,98.0
407.44839244929426,191.9,107.0
407.44839244929426,192.9,99.0
407.44839244929426,193.9,105.0
407.44839244929426,194.9,97.0
407.44839244929426,195.9,112.0
407.44839244929426,196.9,97.0
407.44839244929426,197.9,100.0
407.44839244929426,198.9,100.0
407.44839244929426,199.9,118.0
407.44839244929426,200.9,100.0
407.44839244929426,201.9,91.0
407.44839244929426,202.9,91.0
407.44839244929426,203.9,94.0
407.44839244929426,204.9,96.0
407.44839244929426,205.9,103.0
407.44839244929426,206.9,106.0
407.44839244929426,207.9,101.0
407.44839244929426,208.9,104.0
407.44839244929426,209.9,100.0
407.44839244929426,210.9,97.0
407.44839244929426,211.9,102.0
407.44839244929426,212.9,105.0
407.44839244929426,213.9,99.0
407.44839244929426,214.9,98.0
407.44839244929426,215.9,102.0
407.44839244929426,216.9,102.0
407.44839244929426,217.9,92.0
407.44839244929426,218.9,99.0
407.44839244929426,219.9,104.0
407.44839244929426,220.9,100.0
407.44839244929426,221.9,102.0
407.44839244929426,222.9,93.0
407.44839244929426,223.9,107.0
407.44839244929426,224.9,108.0
407.44839244929426,225.9,95.0
407.44839244929426,226.9,102.0
407.44839244929426,227.9,86.0
407.44839244929426,228.9,109.0
407.44839244929426,229.9,106.0
407.44839244929426,230.9,97.0
407.44839244929426,231.9,95.0
407.44839244929426,232.9,106.0
407.44839244929426,233.9,103.0
407.44839244929426,234.9,98.0
407.44839244929426,235.9,100.0
407.44839244929426,236.9,87.0
407.44839244929426,237.9,108.0
407.44839244929426,238.9,88.0
407.44839244929426,239.9,118.0
708.9565462636865,0.8999999999999986,95.66666666666667
708.9565462636865,1.8999999999999986,99.66666666666667
708.9565462636865,2.8999999999999986,100.66666666666667
708.9565462636865,3.8999999999999986,107.0
708.9565462636865,4.899999999999999,100.33333333333333
708.9565462636865,5.899999999999999,98.66666666666667
708.9565462636865,6.899999999999999,97.0
708.9565462636865,7.899999999999999,93.0
708.9565462636865,8.899999999999999,93.0
708.9565462636865,9.899999999999999,94.0
708.9565462636865,10.899999999999999,90.33333333333333
708.9565462636865,11.899999999999999,97.33333333333333
708.9565462636865,12.899999999999999,98.66666666666667
708.9565462636865,13.899999999999999,92.0
708.9565462636865,14.899999999999999,96.66666666666667
708.9565462636865,15.899999999999999,97.66666666666667
708.9565462636865,16.9,97.66666666666667
708.9565462636865,17.9,98.0
708.9565462636865,18.9,94.33333333333333
708.9565462636865,19.9,101.66666666666667
708.9565462636865,20.9,90.0
708.9565462636865,21.9,95.33333333333333
708.9565462636865,22.9,93.66666666666667
708.9565462636865,23.9,97.33333333333333
708.9565462636865,24.9,94.66666666666667
708.9565462636865,25.9,94.0
708.9565462636865,26.9,87.66666666666667
708.9565462636865,27.9,91.33333333333333
708.9565462636865,28.9,96.33333333333333
708.9565462636865,29.9,95.66666666666667
708.9565462636865,30.9,97.33333333333333
708.9565462636865,31.9,96.66666666666667
708.9565462636865,32.9,89.33333333333333
708.9565462636865,33.9,91.0
708.9565462636865,34.9,97.0
708.9565462636865,35.9,100.0
708.9565462636865,36.9,93.66666666666667
708.9565462636865,37.9,91.33333333333333
708.9565462636865,38.9,95.33333333333333
708.9565462636865,39.9,82.66666666666667
708.9565462636865,40.9,95.33333333333333
708.9565462636865,41.9,91.66666666666667
708.9565462636865,42.9,89.0
708.9565462636865,43.9,92.66666666666667
708.9565462636865,44.9,97.66666666666667
708.9565462636865,45.9,96.0
708.9565462636865,46.9,96.33333333333333
708.9565462636865,47.9,97.66666666666667
708.9565462636865,48.9,87.66666666666667
708.9565462636865,49.9,92.0
708.9565462636865,50.9,101.33333333333333
708.9565462636865,51.9,99.66666666666667
708.9565462636865,52.9,91.66666666666667
708.9565462636865,53.9,89.0
708.9565462636865,54.9,96.33333333333333
708.9565462636865,55.9,97.66666666666667
708.9565462636865,56.9,96.33333333333333
708.9565462636865,57.9,100.0
708.9565462636865,58.9,95.33333333333333
708.9565462636865,59.9,100.33333333333333
708.9565462636865,60.9,95.33333333333333
708.9565462636865,61.9,92.33333333333333
708.9565462636865,62.9,94.0
708.9565462636865,63.9,98.0
708.9565462636865,64.9,92.66666666666667
708.9565462636865,65.9,95.0
708.9565462636865,66.9,94.0
708.9565462636865,67.9,92.33333333333333
708.9565462636865,68.9,96.0
708.9565462636865,69.9,94.66666666666667
708.9565462636865,70.9,95.66666666666667
708.9565462636865,71.9,98.33333333333333
708.9565462636865,72.9,92.0
708.9565462636865,73.9,100.0
708.9565462636865,74.9,100.0
708.9565462636865,75.9,89.66666666666667
708.9565462636865,76.9,101.33333333333333
708.9565462636865,77.9,100.0
708.9565462636865,78.9,91.33333333333333
708.9565462636865,79.9,89.66666666666667
708.9565462636865,80.9,95.66666666666667
708.9565462636865,81.9,97.0
708.9565462636865,82.9,88.66666666666667
708.9565462636865,83.9,97.66666666666667
708.9565462636865,84.9,102.66666666666667
708.9565462636865,85.9,96.33333333333333
708.9565462636865,86.9,97.33333333333333
708.9565462636865,87.9,94.33333333333333
708.9565462636865,88.9,93.33333333333333
708.9565462636865,89.9,95.0
708.9565462636865,90.9,100.66666666666667
708.9565462636865,91.9,96.33333333333333
708.9565462636865,92.9,88.66666666666667
708.9565462636865,93.9,89.66666666666667
708.9565462636865,94.9,93.66666666666667
708.9565462636865,95.9,93.66666666666667
708.9565462636865,96.9,93.33333333333333
708.9565462636865,97.9,106.66666666666667
708.9565462636865,98.9,95.66666666666667
708.9565462636865,99.9,100.66666666666667
708.9565462636865,100.9,95.33333333333333
708.9565462636865,101.9,97.33333333333333
708.9565462636865,102.9,99.0
708.9565462636865,103.9,95.33333333333333
708.9565462636865,104.9,97.66666666666667
708.9565462636865,105.9,96.66666666666667
708.9565462636865,106.9,96.33333333333333
708.9565462636865,107.9,97.66666666666667
708.9565462636865,108.9,93.66666666666667
708.9565462636865,109.9,100.33333333333333
708.9565462636865,110.9,95.0
708.9565462636865,111.9,91.0
708.9565462636865,112.9,98.33333333333333
708.9565462636865,113.9,97.33333333333333
708.9565462636865,114.9,98.66666666666667
708.9565462636865,115.9,96.0
708.9565462636865,116.9,99.0
708.9565462636865,117.9,94.33333333333333
708.9565462636865,118.9,98.0
708.9565462636865,119.9,91.66666666666667
708.9565462636865,120.9,93.66666666666667
708.9565462636865,121.9,91.66666666666667
708.9565462636865,122.9,95.0
708.9565462636865,123.9,91.0
708.9565462636865,124.9,97.0
708.9565462636865,125.9,94.0
708.9565462636865,126.9,94.0
708.9565462636865,127.9,96.66666666666667
708.9565462636865,128.9,97.0
708.9565462636865,129.9,103.33333333333333
708.9565462636865,130.9,96.33333333333333
708.9565462636865,131.9,90.33333333333333
708.9565462636865,132.9,93.33333333333333
708.9565462636865,133.9,95.66666666666667
708.9565462636865,134.9,94.33333333333333
708.9565462636865,135.9,94.0
708.9565462636865,136.9,94.0
708.9565462636865,137.9,93.0
708.9565462636865,138.9,97.33333333333333
708.9565462636865,139.9,95.66666666666667
708.9565462636865,140.9,96.33333333333333
708.9565462636865,141.9,97.0
708.9565462636865,142.9,93.0
708.9565462636865,143.9,96.0
708.9565462636865,144.9,91.0
708.9565462636865,145.9,98.66666666666667
708.9565462636865,146.9,88.66666666666667
708.9565462636865,147.9,95.33333333333333
708.9565462636865,148.9,94.66666666666667
708.9565462636865,149.9,94.66666666666667
708.9565462636865,150.9,100.33333333333333
708.9565462636865,151.9,87.33333333333333
708.9565462636865,152.9,89.66666666666667
708.9565462636865,153.9,91.0
708.9565462636865,154.9,88.0
708.9565462636865,155.9,99.0
708.9565462636865,156.9,95.66666666666667
708.9565462636865,157.9,97.0
708.9565462636865,158.9,91.33333333333333
708.9565462636865,159.9,90.33333333333333
708.9565462636865,160.9,93.33333333333333
708.9565462636865,161.9,94.33333333333333
708.9565462636865,162.9,96.33333333333333
708.9565462636865,163.9,94.33333333333333
708.9565462636865,164.9,93.33333333333333
708.9565462636865,165.9,92.66666666666667
708.9565462636865,166.9,95.0
708.9565462636865,167.9,96.33333333333333
708.9565462636865,168.9,93.0
708.9565462636865,169.9,87.33333333333333
708.9565462636865,170.9,92.33333333333333
708.9565462636865,171.9,99.66666666666667
708.9565462636865,172.9,97.33333333333333
708.9565462636865,173.9,91.66666666666667
708.9565462636865,174.9,97.66666666666667
708.9565462636865,175.9,90.0
708.9565462636865,176.9,95.33333333333333
708.9565462636865,177.9,93.66666666666667
708.9565462636865,178.9,97.0
708.9565462636865,179.9,90.0
708.9565462636865,180.9,94.66666666666667
708.9565462636865,181.9,97.66666666666667
708.9565462636865,182.9,92.0
708.9565462636865,183.9,96.66666666666667
708.9565462636865,184.9,98.0
708.9565462636865,185.9,92.33333333333333
708.9565462636865,186.9,94.0
708.9565462636865,187.9,97.33333333333333
708.9565462636865,188.9,65.66666666666667
708.9565462636865,189.9,92.66666666666667
708.9565462636865,190.9,104.33333333333333
708.9565462636865,191.9,95.33333333333333
708.9565462636865,192.9,101.0
708.9565462636865,193.9,96.33333333333333
708.9565462636865,194.9,93.33333333333333
708.9565462636865,195.9,96.33333333333333
708.9565462636865,196.9,96.0
708.9565462636865,197.9,93.0
708.9565462636865,198.9,95.0
708.9565462636865,199.9,96.33333333333333
708.9565462636865,200.9,95.33333333333333
708.9565462636865,201.9,91.0
708.9565462636865,202.9,94.0
708.9565462636865,203.9,86.66666666666667
708.9565462636865,204.9,90.66666666666667
708.9565462636865,205.9,96.0
708.9565462636865,206.9,89.0
708.9565462636865,207.9,95.0
708.9565462636865,208.9,101.66666666666667
708.9565462636865,209.9,90.33333333333333
708.9565462636865,210.9,93.0
708.9565462636865,211.9,91.0
708.9565462636865,212.9,96.66666666666667
708.9565462636865,213.9,97.66666666666667
708.9565462636865,214.9,97.66666666666667
708.9565462636865,215.9,95.33333333333333
708.9565462636865,216.9,99.33333333333333
708.9565462636865,217.9,89.66666666666667
708.9565462636865,218.9,93.0
708.9565462636865,219.9,95.66666666666667
708.9565462636865,220.9,85.33333333333333
708.9565462636865,221.9,94.66666666666667
708.9565462636865,222.9,95.0
708.9565462636865,223.9,99.0
708.9565462636865,224.9,97.66666666666667
708.9565462636865,225.9,90.33333333333333
708.9565462636865,226.9,92.66666666666667
708.9565462636865,227.9,93.33333333333333
708.9565462636865,228.9,97.33333333333333
708.9565462636865,229.9,96.0
708.9565462636865,230.9,94.33333333333333
708.9565462636865,231.9,93.33333333333333
708.9565462636865,232.9,90.66666666666667
708.9565462636865,233.9,88.33333333333333
708.9565462636865,234.9,91.0
708.9565462636865,235.9,93.66666666666667
708.9565462636865,236.9,92.66666666666667
708.9565462636865,237.9,92.33333333333333
708.9565462636865,238.9,91.33333333333333
708.9565462636865,239.9,97.0
2597.4369906834327,0.8999999999999986,97.5
2597.4369906834327,1.8999999999999986,95.5
2597.4369906834327,2.8999999999999986,98.0
2597.4369906834327,3.8999999999999986,93.5
2597.4369906834327,4.899999999999999,101.0
2597.4369906834327,5.899999999999999,102.5
2597.4369906834327,6.899999999999999,95.5
2597.4369906834327,7.899999999999999,101.0
2597.4369906834327,8.899999999999999,101.0
2597.4369906834327,9.899999999999999,97.0
2597.4369906834327,10.899999999999999,99.0
2597.4369906834327,11.899999999999999,97.5
2597.4369906834327,12.899999999999999,93.5
2597.4369906834327,13.899999999999999,98.0
2597.4369906834327,14.899999999999999,98.5
2597.4369906834327,15.899999999999999,101.0
2597.4369906834327,16.9,94.0
2597.4369906834327,17.9,102.0
2597.4369906834327,18.9,95.0
2597.4369906834327,19.9,96.5
2597.4369906834327,20.9,101.5
2597.4369906834327,21.9,97.0
2597.4369906834327,22.9,97.5
2597.4369906834327,23.9,96.0
2597.4369906834327,24.9,97.0
2597.4369906834327,25.9,96.0
2597.4369906834327,26.9,94.5
2597.4369906834327,27.9,97.0
2597.4369906834327,28.9,98.0
2597.4369906834327,29.9,98.0
2597.4369906834327,30.9,96.5
2597.4369906834327,31.9,101.0
2597.4369906834327,32.9,96.5
2597.4369906834327,33.9,93.5
2597.4369906834327,34.9,93.5
2597.4369906834327,35.9,96.0
2597.4369906834327,36.9,102.0
2597.4369906834327,37.9,93.5
2597.4369906834327,38.9,98.5
2597.4369906834327,39.9,97.0
2597.4369906834327,40.9,99.5
2597.4369906834327,41.9,97.0
2597.4369906834327,42.9,99.0
2597.4369906834327,43.9,100.0
2597.4369906834327,44.9,97.5
2597.4369906834327,45.9,97.0
2597.4369906834327,46.9,101.5
2597.4369906834327,47.9,108.5
2597.4369906834327,48.9,96.5
2597.4369906834327,49.9,95.5
2597.4369906834327,50.9,96.5
2597.4369906834327,51.9,101.5
2597.4369906834327,52.9,94.5
2597.4369906834327,53.9,101.0
2597.4369906834327,54.9,102.5
2597.4369906834327,55.9,96.0
2597.4369906834327,56.9,98.0
2597.4369906834327,57.9,93.5
2597.4369906834327,58.9,101.0
2597.4369906834327,59.9,97.5
2597.4369906834327,60.9,96.5
2597.4369906834327,61.9,97.0
2597.4369906834327,62.9,100.0
2597.4369906834327,63.9,99.5
2597.4369906834327,64.9,96.0
2597.4369906834327,65.9,95.5
2597.4369906834327,66.9,98.0
2597.4369906834327,67.9,104.0
2597.4369906834327,68.9,96.0
2597.4369906834327,69.9,100.0
2597.4369906834327,70.9,95.0
2597.4369906834327,71.9,102.0
2597.4369906834327,72.9,99.0
2597.4369906834327,73.9,102.0
2597.4369906834327,74.9,93.0
2597.4369906834327,75.9,96.5
2597.4369906834327,76.9,93.5
2597.4369906834327,77.9,97.5
2597.4369906834327,78.9,98.0
2597.4369906834327,79.9,99.0
2597.4369906834327,80.9,100.0
2597.4369906834327,81.9,95.0
2597.4369906834327,82.9,103.5
2597.4369906834327,83.9,92.0
2597.4369906834327,84.9,100.5
2597.4369906834327,85.9,98.0
2597.4369906834327,86.9,96.5
2597.4369906834327,87.9,95.0
2597.4369906834327,88.9,98.0
2597.4369906834327,89.9,106.0
2597.4369906834327,90.9,98.0
2597.4369906834327,91.9,95.5
2597.4369906834327,92.9,95.0
2597.4369906834327,93.9,97.0
2597.4369906834327,94.9,100.0
2597.4369906834327,95.9,96.0
2597.4369906834327,96.9,96.5
2597.4369906834327,97.9,98.0
2597.4369906834327,98.9,98.0
2597.4369906834327,99.9,95.0
2597.4369906834327,100.9,97.0
2597.4369906834327,101.9,94.0
2597.4369906834327,102.9,99.5
2597.4369906834327,103.9,102.0
2597.4369906834327,104.9,98.0
2597.4369906834327,105.9,95.5
2597.4369906834327,106.9,104.5
2597.4369906834327,107.9,97.0
2597.4369906834327,108.9,96.0
2597.4369906834327,109.9,99.5
2597.4369906834327,110.9,97.5
2597.4369906834327,111.9,98.5
2597.4369906834327,112.9,101.0
2597.4369906834327,113.9,96.0
2597.4369906834327,114.9,102.5
2597.4369906834327,115.9,97.5
2597.4369906834327,116.9,99.0
2597.4369906834327,117.9,105.0
2597.4369906834327,118.9,101.0
2597.4369906834327,119.9,104.5
2597.4369906834327,120.9,96.0
2597.4369906834327,121.9,99.5
2597.4369906834327,122.9,94.5
2597.4369906834327,123.9,97.5
2597.4369906834327,124.9,98.0
2597.4369906834327,125.9,101.5
2597.4369906834327,126.9,99.0
2597.4369906834327,127.9,100.0
2597.4369906834327,128.9,100.5
2597.4369906834327,129.9,98.5
2597.4369906834327,130.9,98.0
2597.4369906834327,131.9,108.0
2597.4369906834327,132.9,107.5
2597.4369906834327,133.9,96.0
2597.4369906834327,134.9,99.0
2597.4369906834327,135.9,102.0
2597.4369906834327,136.9,100.0
2597.4369906834327,137.9,108.0
2597.4369906834327,138.9,95.5
2597.4369906834327,139.9,101.0
2597.4369906834327,140.9,97.5
2597.4369906834327,141.9,97.0
2597.4369906834327,142.9,96.5
2597.4369906834327,143.9,95.5
2597.4369906834327,144.9,94.0
2597.4369906834327,145.9,95.0
2597.4369906834327,146.9,102.5
2597.4369906834327,147.9,98.5
2597.4369906834327,148.9,96.5
2597.4369906834327,149.9,94.0
2597.4369906834327,150.9,96.5
2597.4369906834327,151.9,100.5
2597.4369906834327,152.9,98.5
2597.4369906834327,153.9,99.5
2597.4369906834327,154.9,98.0
2597.4369906834327,155.9,98.0
2597.4369906834327,156.9,106.0
2597.4369906834327,157.9,100.5
2597.4369906834327,158.9,95.5
2597.4369906834327,159.9,95.0
2597.4369906834327,160.9,99.0
2597.4369906834327,161.9,100.5
2597.4369906834327,162.9,94.5
2597.4369906834327,163.9,94.5
2597.4369906834327,164.9,114.0
2597.4369906834327,165.9,94.0
2597.4369906834327,166.9,104.0
2597.4369906834327,167.9,100.0
2597.4369906834327,168.9,109.5
2597.4369906834327,169.9,99.5
2597.4369906834327,170.9,97.0
2597.4369906834327,171.9,46.0
2597.4369906834327,172.9,100.0
2597.4369906834327,173.9,98.5
2597.4369906834327,174.9,99.5
2597.4369906834327,175.9,94.0
2597.4369906834327,176.9,95.0
2597.4369906834327,177.9,90.0
2597.4369906834327,178.9,107.5
2597.4369906834327,179.9,111.0
2597.4369906834327,180.9,106.0
2597.4369906834327,181.9,100.0
2597.4369906834327,182.9,94.0
2597.4369906834327,183.9,95.0
2597.4369906834327,184.9,103.5
2597.4369906834327,185.9,100.0
2597.4369906834327,186.9,95.5
2597.4369906834327,187.9,95.0
2597.4369906834327,188.9,99.5
2597.4369906834327,189.9,97.0
2597.4369906834327,190.9,98.0
2597.4369906834327,191.9,101.5
2597.4369906834327,192.9,105.5
2597.4369906834327,193.9,93.5
2597.4369906834327,194.9,105.5
2597.4369906834327,195.9,95.5
2597.4369906834327,196.9,99.0
2597.4369906834327,197.9,103.0
2597.4369906834327,198.9,97.0
2597.4369906834327,199.9,96.0
2597.4369906834327,200.9,100.5
2597.4369906834327,201.9,98.0
2597.4369906834327,202.9,96.0
2597.4369906834327,203.9,102.0
2597.4369906834327,204.9,96.5
2597.4369906834327,205.9,95.0
2597.4369906834327,206.9,97.0
2597.4369906834327,207.9,96.0
2597.4369906834327,208.9,98.5
2597.4369906834327,209.9,98.5
2597.4369906834327,210.9,100.5
2597.4369906834327,211.9,100.5
2597.4369906834327,212.9,102.0
2597.4369906834327,213.9,96.5
2597.4369906834327,214.9,96.5
2597.4369906834327,215.9,98.0
2597.4369906834327,216.9,94.5
2597.4369906834327,217.9,96.5
2597.4369906834327,218.9,96.5
2597.4369906834327,219.9,96.5
2597.4369906834327,220.9,95.5
2597.4369906834327,221.9,93.5
2597.4369906834327,222.9,90.0
2597.4369906834327,223.9,89.0
2597.4369906834327,224.9,100.0
2597.4369906834327,225.9,98.0
2597.4369906834327,226.9,98.0
2597.4369906834327,227.9,102.0
2597.4369906834327,228.9,93.5
2597.4369906834327,229.9,105.0
2597.4369906834327,230.9,102.0
2597.4369906834327,231.9,102.0
2597.4369906834327,232.9,45.5
2597.4369906834327,233.9,94.0
2597.4369906834327,234.9,92.0
2597.4369906834327,235.9,103.0
2597.4369906834327,236.9,100.5
2597.4369906834327,237.9,100.5
2597.4369906834327,238.9,100.5
2597.4369906834327,239.9,103.5
3000.0,0.8999999999999986,109.0
3000.0,1.8999999999999986,94.0
3000.0,2.8999999999999986,106.0
3000.0,3.8999999999999986,94.0
3000.0,4.899999999999999,106.0
3000.0,5.899999999999999,103.0
3000.0,6.899999999999999,104.0
3000.0,7.899999999999999,109.0
3000.0,8.899999999999999,109.0
3000.0,9.899999999999999,105.0
3000.0,10.899999999999999,98.0
3000.0,11.899999999999999,103.0
3000.0,12.899999999999999,97.0
3000.0,13.899999999999999,106.0
3000.0,14.899999999999999,102.0
3000.0,15.899999999999999,102.0
3000.0,16.9,101.0
3000.0,17.9,107.0
3000.0,18.9,97.0
3000.0,19.9,103.0
3000.0,20.9,102.0
3000.0,21.9,105.0
3000.0,22.9,106.0
3000.0,23.9,99.0
3000.0,24.9,101.0
3000.0,25.9,99.0
3000.0,26.9,105.0
3000.0,27.9,103.0
3000.0,28.9,107.0
3000.0,29.9,101.0
3000.0,30.9,102.0
3000.0,31.9,105.0
3000.0,32.9,97.0
3000.0,33.9,99.0
3000.0,34.9,100.0
3000.0,35.9,103.0
3000.0,36.9,103.0
3000.0,37.9,101.0
3000.0,38.9,107.0
3000.0,39.9,104.0
3000.0,40.9,107.0
3000.0,41.9,105.0
3000.0,42.9,104.0
3000.0,43.9,101.0
3000.0,44.9,101.0
3000.0,45.9,101.0
3000.0,46.9,105.0
3000.0,47.9,108.0
3000.0,48.9,104.0
3000.0,49.9,99.0
3000.0,50.9,100.0
3000.0,51.9,109.0
3000.0,52.9,100.0
3000.0,53.9,107.0
3000.0,54.9,105.0
3000.0,55.9,105.0
3000.0,56.9,101.0
3000.0,57.9,103.0
3000.0,58.9,102.0
3000.0,59.9,102.0
3000.0,60.9,103.0
3000.0,61.9,103.0
3000.0,62.9,106.0
3000.0,63.9,107.0
3000.0,64.9,100.0
3000.0,65.9,101.0
3000.0,66.9,105.0
3000.0,67.9,112.0
3000.0,68.9,102.0
3000.0,69.9,104.0
3000.0,70.9,102.0
3000.0,71.9,110.0
3000.0,72.9,113.0
3000.0,73.9,109.0
3000.0,74.9,98.0
3000.0,75.9,105.0
3000.0,76.9,102.0
3000.0,77.9,101.0
3000.0,78.9,105.0
3000.0,79.9,106.0
3000.0,80.9,108.0
3000.0,81.9,107.0
3000.0,82.9,118.0
3000.0,83.9,101.0
3000.0,84.9,104.0
3000.0,85.9,103.0
3000.0,86.9,104.0
3000.0,87.9,100.0
3000.0,88.9,111.0
3000.0,89.9,121.0
3000.0,90.9,99.0
3000.0,91.9,105.0
3000.0,92.9,101.0
3000.0,93.9,94.0
3000.0,94.9,101.0
3000.0,95.9,103.0
3000.0,96.9,111.0
3000.0,97.9,102.0
3000.0,98.9,107.0
3000.0,99.9,102.0
3000.0,100.9,125.0
3000.0,101.9,96.0
3000.0,102.9,113.0
3000.0,103.9,107.0
3000.0,104.9,102.0
3000.0,105.9,102.0
3000.0,106.9,119.0
3000.0,107.9,108.0
3000.0,108.9,103.0
3000.0,109.9,95.0
3000.0,110.9,108.0
3000.0,111.9,101.0
3000.0,112.9,97.0
3000.0,113.9,100.0
3000.0,114.9,105.0
3000.0,115.9,104.0
3000.0,116.9,106.0
3000.0,117.9,120.0
3000.0,118.9,102.0
3000.0,119.9,114.0
3000.0,120.9,102.0
3000.0,121.9,116.0
3000.0,122.9,101.0
3000.0,123.9,105.0
3000.0,124.9,110.0
3000.0,125.9,102.0
3000.0,126.9,105.0
3000.0,127.9,102.0
3000.0,128.9,101.0
3000.0,129.9,103.0
3000.0,130.9,105.0
3000.0,131.9,119.0
3000.0,132.9,106.0
3000.0,133.9,107.0
3000.0,134.9,112.0
3000.0,135.9,107.0
3000.0,136.9,106.0
3000.0,137.9,100.0
3000.0,138.9,106.0
3000.0,139.9,105.0
3000.0,140.9,112.0
3000.0,141.9,99.0
3000.0,142.9,102.0
3000.0,143.9,102.0
3000.0,144.9,101.0
3000.0,145.9,120.0
3000.0,146.9,105.0
3000.0,147.9,98.0
3000.0,148.9,103.0
3000.0,149.9,102.0
3000.0,150.9,102.0
3000.0,151.9,111.0
3000.0,152.9,108.0
3000.0,153.9,112.0
3000.0,154.9,110.0
3000.0,155.9,105.0
3000.0,156.9,129.0
3000.0,157.9,106.0
3000.0,158.9,108.0
3000.0,159.9,105.0
3000.0,160.9,104.0
3000.0,161.9,103.0
3000.0,162.9,100.0
3000.0,163.9,116.0
3000.0,165.9,101.0
3000.0,166.9,120.0
3000.0,167.9,102.0
3000.0,168.9,123.0
3000.0,169.9,107.0
3000.0,170.9,101.0
3000.0,171.9,101.0
3000.0,172.9,103.0
3000.0,173.9,102.0
3000.0,174.9,105.0
3000.0,175.9,102.0
3000.0,176.9,100.0
3000.0,177.9,101.0
3000.0,178.9,128.0
3000.0,179.9,118.0
3000.0,180.9,106.0
3000.0,181.9,100.0
3000.0,182.9,106.0
3000.0,183.9,108.0
3000.0,184.9,119.0
3000.0,185.9,107.0
3000.0,186.9,107.0
3000.0,187.9,102.0
3000.0,188.9,105.0
3000.0,189.9,102.0
3000.0,190.9,101.0
3000.0,191.9,108.0
3000.0,192.9,118.0
3000.0,193.9,98.0
3000.0,194.9,122.0
3000.0,195.9,99.0
3000.0,196.9,104.0
3000.0,197.9,107.0
3000.0,198.9,103.0
3000.0,199.9,102.0
3000.0,200.9,102.0
3000.0,201.9,105.0
3000.0,202.9,107.0
3000.0,204.9,96.0
3000.0,205.9,98.0
3000.0,206.9,101.0
3000.0,207.9,105.0
3000.0,208.9,106.0
3000.0,209.9,106.0
3000.0,210.9,108.0
3000.0,211.9,113.0
3000.0,212.9,103.0
3000.0,213.9,100.0
3000.0,214.9,102.0
3000.0,215.9,104.0
3000.0,216.9,99.0
3000.0,217.9,102.0
3000.0,218.9,103.0
3000.0,219.9,105.0
3000.0,220.9,102.0
3000.0,221.9,95.0
3000.0,222.9,96.0
3000.0,223.9,97.0
3000.0,224.9,107.0
3000.0,225.9,103.0
3000.0,226.9,102.0
3000.0,227.9,106.0
3000.0,228.9,100.0
3000.0,229.9,113.0
3000.0,230.9,110.0
3000.0,231.9,106.0
3000.0,232.9,100.0
3000.0,233.9,95.0
3000.0,234.9,98.0
3000.0,235.9,109.0
3000.0,236.9,112.0
3000.0,237.9,101.0
3000.0,238.9,102.0
3000.0,239.9,115.0
3286.9124078062237,0.8999999999999986,33.0
3286.9124078062237,1.8999999999999986,35.833333333333336
3286.9124078062237,2.8999999999999986,23.666666666666668
3286.9124078062237,3.8999999999999986,25.666666666666668
3286.9124078062237,4.899999999999999,44.666666666666664
3286.9124078062237,5.899999999999999,26.0
3286.9124078062237,6.899999999999999,24.333333333333332
3286.9124078062237,7.899999999999999,24.0
3286.9124078062237,8.899999999999999,26.666666666666668
3286.9124078062237,9.899999999999999,21.333333333333332
3286.9124078062237,10.899999999999999,25.0
3286.9124078062237,11.899999999999999,32.0
3286.9124078062237,12.899999999999999,35.333333333333336
3286.9124078062237,13.899999999999999,34.666666666666664
3286.9124078062237,14.899999999999999,33.166666666666664
3286.9124078062237,15.899999999999999,25.0
3286.9124078062237,16.9,33.166666666666664
3286.9124078062237,17.9,33.5
3286.9124078062237,18.9,24.0
3286.9124078062237,19.9,33.0
3286.9124078062237,20.9,25.333333333333332
3286.9124078062237,21.9,34.666666666666664
3286.9124078062237,22.9,34.5
3286.9124078062237,23.9,24.666666666666668
3286.9124078062237,24.9,33.666666666666664
3286.9124078062237,25.9,23.666666666666668
3286.9124078062237,26.9,37.166666666666664
3286.9124078062237,27.9,33.333333333333336
3286.9124078062237,28.9,27.666666666666668
3286.9124078062237,29.9,31.333333333333332
3286.9124078062237,30.9,23.333333333333332
3286.9124078062237,31.9,23.666666666666668
3286.9124078062237,32.9,23.666666666666668
3286.9124078062237,33.9,24.666666666666668
3286.9124078062237,34.9,22.333333333333332
3286.9124078062237,35.9,34.833333333333336
3286.9124078062237,36.9,37.5
3286.9124078062237,37.9,33.833333333333336
3286.9124078062237,38.9,25.666666666666668
3286.9124078062237,39.9,24.333333333333332
3286.9124078062237,40.9,30.833333333333332
3286.9124078062237,41.9,36.0
3286.9124078062237,42.9,24.333333333333332
3286.9124078062237,43.9,35.166666666666664
3286.9124078062237,44.9,32.833333333333336
3286.9124078062237,45.9,37.5
3286.9124078062237,46.9,33.666666666666664
3286.9124078062237,47.9,25.333333333333332
3286.9124078062237,48.9,24.666666666666668
3286.9124078062237,49.9,24.666666666666668
3286.9124078062237,50.9,36.333333333333336
3286.9124078062237,51.9,29.666666666666668
3286.9124078062237,52.9,49.166666666666664
3286.9124078062237,53.9,24.333333333333332
3286.9124078062237,54.9,23.666666666666668
3286.9124078062237,55.9,38.0
3286.9124078062237,56.9,23.0
3286.9124078062237,57.9,31.166666666666668
3286.9124078062237,58.9,45.166666666666664
3286.9124078062237,59.9,32.333333333333336
3286.9124078062237,60.9,35.0
3286.9124078062237,61.9,25.666666666666668
3286.9124078062237,62.9,32.833333333333336
3286.9124078062237,63.9,24.0
3286.9124078062237,64.9,45.5
3286.9124078062237,65.9,25.0
3286.9124078062237,66.9,22.666666666666668
3286.9124078062237,67.9,35.0
3286.9124078062237,68.9,31.0
3286.9124078062237,69.9,23.333333333333332
3286.9124078062237,70.9,26.333333333333332
3286.9124078062237,71.9,34.833333333333336
3286.9124078062237,72.9,35.833333333333336
3286.9124078062237,73.9,35.833333333333336
3286.9124078062237,74.9,47.833333333333336
3286.9124078062237,75.9,25.0
3286.9124078062237,76.9,25.333333333333332
3286.9124078062237,77.9,36.333333333333336
3286.9124078062237,78.9,28.0
3286.9124078062237,79.9,31.833333333333332
3286.9124078062237,80.9,25.0
3286.9124078062237,81.9,24.666666666666668
3286.9124078062237,82.9,27.0
3286.9124078062237,83.9,37.333333333333336
3286.9124078062237,84.9,33.5
3286.9124078062237,85.9,31.5
3286.9124078062237,86.9,24.666666666666668
3286.9124078062237,87.9,34.0
3286.9124078062237,88.9,23.0
3286.9124078062237,89.9,24.0
3286.9124078062237,90.9,45.666666666666664
3286.9124078062237,91.9,23.0
3286.9124078062237,92.9,37.166666666666664
3286.9124078062237,93.9,35.166666666666664
3286.9124078062237,94.9,27.0
3286.9124078062237,95.9,25.0
3286.9124078062237,96.9,21.333333333333332
3286.9124078062237,97.9,21.0
3286.9124078062237,98.9,25.333333333333332
3286.9124078062237,99.9,23.333333333333332
3286.9124078062237,100.9,26.0
3286.9124078062237,101.9,29.166666666666668
3286.9124078062237,102.9,33.333333333333336
3286.9124078062237,103.9,0.0
3286.9124078062237,104.9,34.333333333333336
3286.9124078062237,105.9,35.0
3286.9124078062237,106.9,24.333333333333332
3286.9124078062237,107.9,52.5
3286.9124078062237,108.9,32.666666666666664
3286.9124078062237,109.9,23.333333333333332
3286.9124078062237,110.9,36.833333333333336
3286.9124078062237,111.9,25.666666666666668
3286.9124078062237,112.9,32.333333333333336
3286.9124078062237,113.9,22.0
3286.9124078062237,114.9,23.666666666666668
3286.9124078062237,115.9,24.666666666666668
3286.9124078062237,116.9,35.166666666666664
3286.9124078062237,117.9,33.0
3286.9124078062237,118.9,26.666666666666668
3286.9124078062237,119.9,36.0
3286.9124078062237,120.9,29.0
3286.9124078062237,121.9,30.666666666666668
3286.9124078062237,122.9,37.0
3286.9124078062237,123.9,23.666666666666668
3286.9124078062237,124.9,25.333333333333332
3286.9124078062237,125.9,25.666666666666668
3286.9124078062237,126.9,29.666666666666668
3286.9124078062237,127.9,21.333333333333332
3286.9124078062237,128.9,24.666666666666668
3286.9124078062237,129.9,37.166666666666664
3286.9124078062237,130.9,21.666666666666668
3286.9124078062237,131.9,36.0
3286.9124078062237,132.9,25.666666666666668
3286.9124078062237,133.9,30.333333333333332
3286.9124078062237,134.9,23.666666666666668
3286.9124078062237,135.9,22.333333333333332
3286.9124078062237,136.9,25.0
3286.9124078062237,137.9,23.333333333333332
3286.9124078062237,138.9,39.666666666666664
3286.9124078062237,139.9,30.166666666666668
3286.9124078062237,140.9,20.666666666666668
3286.9124078062237,141.9,24.666666666666668
3286.9124078062237,142.9,22.666666666666668
3286.9124078062237,143.9,31.833333333333332
3286.9124078062237,144.9,36.666666666666664
3286.9124078062237,145.9,34.333333333333336
3286.9124078062237,146.9,33.833333333333336
3286.9124078062237,147.9,36.166666666666664
3286.9124078062237,148.9,48.166666666666664
3286.9124078062237,149.9,22.333333333333332
3286.9124078062237,150.9,24.0
3286.9124078062237,151.9,23.0
3286.9124078062237,152.9,24.333333333333332
3286.9124078062237,153.9,35.0
3286.9124078062237,154.9,40.5
3286.9124078062237,155.9,32.666666666666664
3286.9124078062237,156.9,33.833333333333336
3286.9124078062237,157.9,26.333333333333332
3286.9124078062237,158.9,35.833333333333336
3286.9124078062237,159.9,33.666666666666664
3286.9124078062237,160.9,24.666666666666668
3286.9124078062237,161.9,24.0
3286.9124078062237,162.9,25.666666666666668
3286.9124078062237,163.9,31.666666666666668
3286.9124078062237,164.9,24.666666666666668
3286.9124078062237,165.9,23.333333333333332
3286.9124078062237,166.9,27.666666666666668
3286.9124078062237,167.9,24.666666666666668
3286.9124078062237,168.9,0.0
3286.9124078062237,169.9,24.666666666666668
3286.9124078062237,170.9,34.666666666666664
3286.9124078062237,171.9,26.0
3286.9124078062237,172.9,0.0
3286.9124078062237,173.9,24.333333333333332
3286.9124078062237,174.9,24.0
3286.9124078062237,175.9,22.666666666666668
3286.9124078062237,176.9,23.666666666666668
3286.9124078062237,177.9,0.0
3286.9124078062237,178.9,23.666666666666668
3286.9124078062237,179.9,24.666666666666668
3286.9124078062237,180.9,25.0
3286.9124078062237,181.9,0.0
3286.9124078062237,182.9,23.666666666666668
3286.9124078062237,183.9,24.0
3286.9124078062237,184.9,19.0
3286.9124078062237,185.9,0.0
3286.9124078062237,186.9,24.666666666666668
3286.9124078062237,187.9,26.666666666666668
3286.9124078062237,188.9,34.166666666666664
3286.9124078062237,189.9,0.0
3286.9124078062237,190.9,28.0
3286.9124078062237,191.9,27.666666666666668
3286.9124078062237,192.9,24.0
3286.9124078062237,193.9,23.0
3286.9124078062237,194.9,0.0
3286.9124078062237,195.9,24.333333333333332
3286.9124078062237,196.9,35.5
3286.9124078062237,197.9,40.5
3286.9124078062237,198.9,0.0
3286.9124078062237,199.9,23.333333333333332
3286.9124078062237,200.9,23.666666666666668
3286.9124078062237,201.9,21.333333333333332
3286.9124078062237,202.9,0.0
3286.9124078062237,203.9,26.0
3286.9124078062237,204.9,22.333333333333332
3286.9124078062237,205.9,37.5
3286.9124078062237,206.9,29.833333333333332
3286.9124078062237,207.9,0.0
3286.9124078062237,208.9,33.833333333333336
3286.9124078062237,209.9,21.666666666666668
3286.9124078062237,210.9,36.166666666666664
3286.9124078062237,211.9,0.0
3286.9124078062237,212.9,24.0
3286.9124078062237,213.9,22.0
3286.9124078062237,214.9,24.0
3286.9124078062237,215.9,0.0
3286.9124078062237,216.9,38.5
3286.9124078062237,217.9,33.5
3286.9124078062237,218.9,35.5
3286.9124078062237,219.9,23.333333333333332
3286.9124078062237,220.9,23.0
3286.9124078062237,221.9,24.0
3286.9124078062237,222.9,21.0
3286.9124078062237,223.9,24.333333333333332
3286.9124078062237,224.9,0.0
3286.9124078062237,225.9,25.333333333333332
3286.9124078062237,226.9,23.0
3286.9124078062237,227.9,23.333333333333332
3286.9124078062237,228.9,0.0
3286.9124078062237,229.9,25.666666666666668
3286.9124078062237,230.9,19.333333333333332
3286.9124078062237,231.9,21.666666666666668
3286.9124078062237,232.9,0.0
3286.9124078062237,233.9,28.0
3286.9124078062237,234.9,26.666666666666668
3286.9124078062237,235.9,32.333333333333336
3286.9124078062237,236.9,24.666666666666668
3286.9124078062237,237.9,0.0
3286.9124078062237,238.9,27.333333333333332
3286.9124078062237,239.9,23.0
3708.529498930472,0.8999999999999986,99.33333333333333
3708.529498930472,1.8999999999999986,93.66666666666667
3708.529498930472,2.8999999999999986,99.66666666666667
3708.529498930472,3.8999999999999986,97.66666666666667
3708.529498930472,4.899999999999999,100.33333333333333
3708.529498930472,5.899999999999999,98.66666666666667
3708.529498930472,6.899999999999999,96.33333333333333
3708.529498930472,7.899999999999999,98.66666666666667
3708.529498930472,8.899999999999999,102.0
3708.529498930472,9.899999999999999,100.33333333333333
3708.529498930472,10.899999999999999,95.0
3708.529498930472,11.899999999999999,96.33333333333333
3708.529498930472,12.899999999999999,93.33333333333333
3708.529498930472,13.899999999999999,94.66666666666667
3708.529498930472,14.899999999999999,98.33333333333333
3708.529498930472,15.899999999999999,98.66666666666667
3708.529498930472,16.9,98.66666666666667
3708.529498930472,17.9,105.33333333333333
3708.529498930472,18.9,96.33333333333333
3708.529498930472,19.9,94.0
3708.529498930472,20.9,95.0
3708.529498930472,21.9,95.33333333333333
3708.529498930472,22.9,97.0
3708.529498930472,23.9,91.0
3708.529498930472,24.9,96.66666666666667
3708.529498930472,25.9,96.66666666666667
3708.529498930472,26.9,94.66666666666667
3708.529498930472,27.9,94.0
3708.529498930472,28.9,96.0
3708.529498930472,29.9,95.66666666666667
3708.529498930472,30.9,96.0
3708.529498930472,31.9,101.0
3708.529498930472,32.9,94.0
3708.529498930472,33.9,96.0
3708.529498930472,34.9,97.33333333333333
3708.529498930472,35.9,92.33333333333333
3708.529498930472,36.9,98.0
3708.529498930472,37.9,92.33333333333333
3708.529498930472,38.9,98.33333333333333
3708.529498930472,39.9,97.33333333333333
3708.529498930472,40.9,97.33333333333333
3708.529498930472,41.9,100.0
3708.529498930472,42.9,97.33333333333333
3708.529498930472,43.9,98.33333333333333
3708.529498930472,44.9,96.66666666666667
3708.529498930472,45.9,99.0
3708.529498930472,46.9,96.33333333333333
3708.529498930472,47.9,103.33333333333333
3708.529498930472,48.9,97.33333333333333
3708.529498930472,49.9,97.0
3708.529498930472,50.9,95.33333333333333
3708.529498930472,51.9,103.0
3708.529498930472,52.9,95.33333333333333
3708.529498930472,53.9,101.0
3708.529498930472,54.9,102.33333333333333
3708.529498930472,55.9,98.33333333333333
3708.529498930472,56.9,95.66666666666667
3708.529498930472,57.9,96.66666666666667
3708.529498930472,58.9,100.0
3708.529498930472,59.9,98.33333333333333
3708.529498930472,60.9,95.66666666666667
3708.529498930472,61.9,97.66666666666667
3708.529498930472,62.9,98.33333333333333
3708.529498930472,63.9,98.66666666666667
3708.529498930472,64.9,97.66666666666667
3708.529498930472,65.9,93.66666666666667
3708.529498930472,66.9,94.33333333333333
3708.529498930472,67.9,98.33333333333333
3708.529498930472,68.9,91.66666666666667
3708.529498930472,69.9,97.66666666666667
3708.529498930472,70.9,96.0
3708.529498930472,71.9,100.0
3708.529498930472,72.9,96.0
3708.529498930472,73.9,98.0
3708.529498930472,74.9,94.66666666666667
3708.529498930472,75.9,94.33333333333333
3708.529498930472,76.9,93.33333333333333
3708.529498930472,77.9,99.33333333333333
3708.529498930472,78.9,94.33333333333333
3708.529498930472,79.9,98.0
3708.529498930472,80.9,98.33333333333333
3708.529498930472,81.9,93.0
3708.529498930472,82.9,100.33333333333333
3708.529498930472,83.9,96.33333333333333
3708.529498930472,84.9,97.66666666666667
3708.529498930472,85.9,96.66666666666667
3708.529498930472,86.9,96.0
3708.529498930472,87.9,96.66666666666667
3708.529498930472,88.9,95.66666666666667
3708.529498930472,89.9,102.0
3708.529498930472,90.9,100.0
3708.529498930472,91.9,97.33333333333333
3708.529498930472,92.9,96.33333333333333
3708.529498930472,93.9,63.0
3708.529498930472,94.9,95.33333333333333
3708.529498930472,95.9,95.33333333333333
3708.529498930472,96.9,96.66666666666667
3708.529498930472,97.9,96.66666666666667
3708.529498930472,98.9,101.66666666666667
3708.529498930472,99.9,95.0
3708.529498930472,100.9,95.33333333333333
3708.529498930472,101.9,95.0
3708.529498930472,102.9,94.33333333333333
3708.529498930472,103.9,99.66666666666667
3708.529498930472,104.9,100.0
3708.529498930472,105.9,93.0
3708.529498930472,106.9,105.33333333333333
3708.529498930472,107.9,99.66666666666667
3708.529498930472,108.9,95.0
3708.529498930472,109.9,92.66666666666667
3708.529498930472,110.9,95.66666666666667
3708.529498930472,111.9,97.66666666666667
3708.529498930472,112.9,100.33333333333333
3708.529498930472,113.9,95.0
3708.529498930472,114.9,97.66666666666667
3708.529498930472,115.9,104.66666666666667
3708.529498930472,116.9,95.0
3708.529498930472,117.9,64.66666666666667
3708.529498930472,118.9,99.66666666666667
3708.529498930472,119.9,98.33333333333333
3708.529498930472,120.9,94.0
3708.529498930472,121.9,101.33333333333333
3708.529498930472,122.9,100.0
3708.529498930472,123.9,95.66666666666667
3708.529498930472,124.9,98.0
3708.529498930472,125.9,105.0
3708.529498930472,126.9,98.0
3708.529498930472,127.9,99.33333333333333
3708.529498930472,128.9,100.66666666666667
3708.529498930472,129.9,101.0
3708.529498930472,130.9,97.0
3708.529498930472,131.9,106.66666666666667
3708.529498930472,132.9,101.33333333333333
3708.529498930472,133.9,95.0
3708.529498930472,134.9,94.0
3708.529498930472,135.9,100.33333333333333
3708.529498930472,136.9,98.66666666666667
3708.529498930472,137.9,99.66666666666667
3708.529498930472,138.9,99.66666666666667
3708.529498930472,139.9,106.0
3708.529498930472,140.9,92.66666666666667
3708.529498930472,141.9,101.33333333333333
3708.529498930472,142.9,94.66666666666667
3708.529498930472,143.9,95.0
3708.529498930472,144.9,61.0
3708.529498930472,145.9,92.0
3708.529498930472,146.9,107.66666666666667
3708.529498930472,147.9,91.66666666666667
3708.529498930472,148.9,94.66666666666667
3708.529498930472,149.9,94.0
3708.529498930472,150.9,97.33333333333333
3708.529498930472,151.9,101.0
3708.529498930472,152.9,99.0
3708.529498930472,153.9,97.66666666666667
3708.529498930472,154.9,98.66666666666667
3708.529498930472,155.9,97.33333333333333
3708.529498930472,156.9,102.0
3708.529498930472,157.9,95.33333333333333
3708.529498930472,158.9,97.33333333333333
3708.529498930472,159.9,96.0
3708.529498930472,160.9,98.33333333333333
3708.529498930472,161.9,98.0
3708.529498930472,162.9,94.0
3708.529498930472,163.9,90.66666666666667
3708.529498930472,164.9,101.0
3708.529498930472,165.9,95.33333333333333
3708.529498930472,166.9,95.66666666666667
3708.529498930472,167.9,104.33333333333333
3708.529498930472,168.9,97.0
3708.529498930472,169.9,95.0
3708.529498930472,170.9,99.0
3708.529498930472,171.9,98.33333333333333
3708.529498930472,172.9,67.66666666666667
3708.529498930472,173.9,97.0
3708.529498930472,174.9,99.0
3708.529498930472,175.9,96.0
3708.529498930472,176.9,94.66666666666667
3708.529498930472,177.9,96.33333333333333
3708.529498930472,178.9,99.0
3708.529498930472,179.9,110.66666666666667
3708.529498930472,180.9,103.66666666666667
3708.529498930472,181.9,98.0
3708.529498930472,182.9,94.0
3708.529498930472,183.9,97.0
3708.529498930472,184.9,98.66666666666667
3708.529498930472,185.9,99.33333333333333
3708.529498930472,186.9,98.66666666666667
3708.529498930472,187.9,96.33333333333333
3708.529498930472,188.9,97.33333333333333
3708.529498930472,189.9,98.0
3708.529498930472,190.9,98.33333333333333
3708.529498930472,191.9,95.0
3708.529498930472,192.9,99.66666666666667
3708.529498930472,193.9,61.666666666666664
3708.529498930472,194.9,97.0
3708.529498930472,195.9,95.66666666666667
3708.529498930472,196.9,93.0
3708.529498930472,197.9,99.33333333333333
3708.529498930472,198.9,96.66666666666667
3708.529498930472,199.9,94.66666666666667
3708.529498930472,200.9,98.0
3708.529498930472,201.9,94.66666666666667
3708.529498930472,202.9,94.0
3708.529498930472,203.9,93.33333333333333
3708.529498930472,204.9,91.66666666666667
3708.529498930472,205.9,93.0
3708.529498930472,206.9,98.0
3708.529498930472,207.9,95.33333333333333
3708.529498930472,208.9,98.66666666666667
3708.529498930472,209.9,97.0
3708.529498930472,210.9,93.66666666666667
3708.529498930472,211.9,98.33333333333333
3708.529498930472,212.9,99.0
3708.529498930472,213.9,97.33333333333333
3708.529498930472,214.9,98.0
3708.529498930472,215.9,95.0
3708.529498930472,216.9,91.0
3708.529498930472,217.9,96.0
3708.529498930472,218.9,92.0
3708.529498930472,219.9,95.66666666666667
3708.529498930472,220.9,95.0
3708.529498930472,221.9,95.33333333333333
3708.529498930472,222.9,88.33333333333333
3708.529498930472,223.9,91.0
3708.529498930472,224.9,96.66666666666667
3708.529498930472,225.9,96.66666666666667
3708.529498930472,226.9,93.33333333333333
3708.529498930472,227.9,101.66666666666667
3708.529498930472,228.9,97.0
3708.529498930472,229.9,97.33333333333333
3708.529498930472,230.9,100.33333333333333
3708.529498930472,231.9,101.33333333333333
3708.529498930472,232.9,103.0
3708.529498930472,233.9,94.33333333333333
3708.529498930472,234.9,93.66666666666667
3708.529498930472,235.9,104.33333333333333
3708.529498930472,236.9,96.66666666666667
3708.529498930472,237.9,99.66666666666667
3708.529498930472,238.9,100.0
3708.529498930472,239.9,65.0
4067.6650940191294,0.8999999999999986,110.0
4067.6650940191294,2.8999999999999986,102.0
4067.6650940191294,3.8999999999999986,104.0
4067.6650940191294,4.899999999999999,111.0
4067.6650940191294,5.899999999999999,108.0
4067.6650940191294,6.899999999999999,103.0
4067.6650940191294,7.899999999999999,109.0
4067.6650940191294,8.899999999999999,117.0
4067.6650940191294,9.899999999999999,121.0
4067.6650940191294,10.899999999999999,105.0
4067.6650940191294,11.899999999999999,111.0
4067.6650940191294,12.899999999999999,99.0
4067.6650940191294,13.899999999999999,110.0
4067.6650940191294,14.899999999999999,122.0
4067.6650940191294,15.899999999999999,103.0
4067.6650940191294,16.9,104.0
4067.6650940191294,17.9,119.0
4067.6650940191294,18.9,111.0
4067.6650940191294,19.9,104.0
4067.6650940191294,20.9,104.0
4067.6650940191294,21.9,99.0
4067.6650940191294,22.9,115.0
4067.6650940191294,23.9,112.0
4067.6650940191294,24.9,107.0
4067.6650940191294,25.9,100.0
4067.6650940191294,26.9,103.0
4067.6650940191294,27.9,106.0
4067.6650940191294,28.9,111.0
4067.6650940191294,29.9,98.0
4067.6650940191294,30.9,103.0
4067.6650940191294,31.9,103.0
4067.6650940191294,32.9,103.0
4067.6650940191294,33.9,102.0
4067.6650940191294,34.9,106.0
4067.6650940191294,35.9,106.0
4067.6650940191294,36.9,106.0
4067.6650940191294,37.9,103.0
4067.6650940191294,38.9,102.0
4067.6650940191294,39.9,106.0
4067.6650940191294,40.9,108.0
4067.6650940191294,41.9,113.0
4067.6650940191294,42.9,102.0
4067.6650940191294,43.9,107.0
4067.6650940191294,44.9,104.0
4067.6650940191294,45.9,110.0
4067.6650940191294,46.9,100.0
4067.6650940191294,47.9,111.0
4067.6650940191294,48.9,102.0
4067.6650940191294,49.9,100.0
4067.6650940191294,50.9,96.0
4067.6650940191294,51.9,100.0
4067.6650940191294,52.9,100.0
4067.6650940191294,53.9,106.0
4067.6650940191294,54.9,114.0
4067.6650940191294,55.9,105.0
4067.6650940191294,57.9,103.0
4067.6650940191294,58.9,148.0
4067.6650940191294,59.9,109.0
4067.6650940191294,60.9,101.0
4067.6650940191294,61.9,107.0
4067.6650940191294,62.9,104.0
4067.6650940191294,63.9,99.0
4067.6650940191294,64.9,107.0
4067.6650940191294,65.9,105.0
4067.6650940191294,67.9,103.0
4067.6650940191294,68.9,109.0
4067.6650940191294,69.9,108.0
4067.6650940191294,70.9,101.0
4067.6650940191294,71.9,101.0
4067.6650940191294,72.9,121.0
4067.6650940191294,73.9,109.0
4067.6650940191294,74.9,116.0
4067.6650940191294,75.9,108.0
4067.6650940191294,76.9,98.0
4067.6650940191294,77.9,102.0
4067.6650940191294,78.9,103.0
4067.6650940191294,79.9,110.0
4067.6650940191294,80.9,113.0
4067.6650940191294,81.9,107.0
4067.6650940191294,82.9,111.0
4067.6650940191294,83.9,121.0
4067.6650940191294,84.9,98.0
4067.6650940191294,85.9,126.0
4067.6650940191294,86.9,106.0
4067.6650940191294,87.9,102.0
4067.6650940191294,88.9,98.0
4067.6650940191294,89.9,108.0
4067.6650940191294,90.9,116.0
4067.6650940191294,91.9,96.0
4067.6650940191294,92.9,101.0
4067.6650940191294,93.9,125.0
4067.6650940191294,94.9,109.0
4067.6650940191294,95.9,100.0
4067.6650940191294,96.9,107.0
4067.6650940191294,97.9,105.0
4067.6650940191294,98.9,150.0
4067.6650940191294,99.9,113.0
4067.6650940191294,100.9,101.0
4067.6650940191294,101.9,103.0
4067.6650940191294,102.9,96.0
4067.6650940191294,103.9,107.0
4067.6650940191294,104.9,114.0
4067.6650940191294,105.9,116.0
4067.6650940191294,106.9,113.0
4067.6650940191294,107.9,118.0
4067.6650940191294,108.9,114.0
4067.6650940191294,109.9,102.0
4067.6650940191294,110.9,103.0
4067.6650940191294,111.9,113.0
4067.6650940191294,112.9,116.0
4067.6650940191294,114.9,93.0
4067.6650940191294,115.9,114.0
4067.6650940191294,116.9,96.0
4067.6650940191294,117.9,118.0
4067.6650940191294,118.9,123.0
4067.6650940191294,119.9,102.0
4067.6650940191294,120.9,108.0
4067.6650940191294,121.9,108.0
4067.6650940191294,122.9,108.0
4067.6650940191294,123.9,110.0
4067.6650940191294,124.9,115.0
4067.6650940191294,125.9,100.0
4067.6650940191294,126.9,109.0
4067.6650940191294,127.9,125.0
4067.6650940191294,128.9,113.0
4067.6650940191294,129.9,120.0
4067.6650940191294,130.9,110.0
4067.6650940191294,131.9,101.0
4067.6650940191294,132.9,98.0
4067.6650940191294,135.9,88.0
4067.6650940191294,136.9,115.0
4067.6650940191294,137.9,113.0
4067.6650940191294,138.9,106.0
4067.6650940191294,139.9,115.0
4067.6650940191294,140.9,122.0
4067.6650940191294,141.9,118.0
4067.6650940191294,142.9,108.0
4067.6650940191294,144.9,103.0
4067.6650940191294,145.9,98.0
4067.6650940191294,146.9,136.0
4067.6650940191294,147.9,105.0
4067.6650940191294,148.9,101.0
4067.6650940191294,149.9,104.0
4067.6650940191294,150.9,112.0
4067.6650940191294,151.9,112.0
4067.6650940191294,152.9,104.0
4067.6650940191294,153.9,98.0
4067.6650940191294,154.9,101.0
4067.6650940191294,155.9,98.0
4067.6650940191294,156.9,111.0
4067.6650940191294,157.9,114.0
4067.6650940191294,158.9,98.0
4067.6650940191294,159.9,115.0
4067.6650940191294,160.9,101.0
4067.6650940191294,161.9,114.0
4067.6650940191294,162.9,102.0
4067.6650940191294,163.9,101.0
4067.6650940191294,164.9,98.0
4067.6650940191294,165.9,100.0
4067.6650940191294,166.9,105.0
4067.6650940191294,167.9,114.0
4067.6650940191294,168.9,100.0
4067.6650940191294,170.9,109.0
4067.6650940191294,171.9,100.0
4067.6650940191294,172.9,111.0
4067.6650940191294,174.9,110.0
4067.6650940191294,175.9,107.0
4067.6650940191294,176.9,108.0
4067.6650940191294,177.9,106.0
4067.6650940191294,178.9,109.0
4067.6650940191294,179.9,114.0
4067.6650940191294,180.9,119.0
4067.6650940191294,181.9,109.0
4067.6650940191294,182.9,106.0
4067.6650940191294,183.9,97.0
4067.6650940191294,184.9,129.0
4067.6650940191294,185.9,98.0
4067.6650940191294,186.9,114.0
4067.6650940191294,187.9,115.0
4067.6650940191294,188.9,105.0
4067.6650940191294,190.9,104.0
4067.6650940191294,191.9,125.0
4067.6650940191294,192.9,110.0
4067.6650940191294,193.9,107.0
4067.6650940191294,194.9,113.0
4067.6650940191294,195.9,134.0
4067.6650940191294,196.9,104.0
4067.6650940191294,197.9,104.0
4067.6650940191294,198.9,96.0
4067.6650940191294,199.9,103.0
4067.6650940191294,200.9,100.0
4067.6650940191294,201.9,120.0
4067.6650940191294,202.9,103.0
4067.6650940191294,203.9,98.0
4067.6650940191294,204.9,105.0
4067.6650940191294,205.9,107.0
4067.6650940191294,206.9,111.0
4067.6650940191294,207.9,107.0
4067.6650940191294,208.9,103.0
4067.6650940191294,209.9,111.0
4067.6650940191294,211.9,101.0
4067.6650940191294,212.9,110.0
4067.6650940191294,213.9,133.0
4067.6650940191294,214.9,123.0
4067.6650940191294,215.9,102.0
4067.6650940191294,216.9,93.0
4067.6650940191294,217.9,105.0
4067.6650940191294,218.9,98.0
4067.6650940191294,219.9,101.0
4067.6650940191294,220.9,103.0
4067.6650940191294,221.9,96.0
4067.6650940191294,222.9,97.0
4067.6650940191294,223.9,104.0
4067.6650940191294,224.9,111.0
4067.6650940191294,225.9,106.0
4067.6650940191294,226.9,103.0
4067.6650940191294,227.9,113.0
4067.6650940191294,228.9,123.0
4067.6650940191294,229.9,103.0
4067.6650940191294,230.9,104.0
4067.6650940191294,231.9,103.0
4067.6650940191294,232.9,106.0
4067.6650940191294,233.9,115.0
4067.6650940191294,234.9,100.0
4067.6650940191294,235.9,121.0
4067.6650940191294,236.9,106.0
4067.6650940191294,237.9,101.0
4067.6650940191294,238.9,108.0
4479.8323923520575,0.8999999999999986,105.0
4479.8323923520575,1.8999999999999986,99.5
4479.8323923520575,2.8999999999999986,101.5
4479.8323923520575,3.8999999999999986,114.0
4479.8323923520575,4.899999999999999,96.0
4479.8323923520575,5.899999999999999,100.5
4479.8323923520575,6.899999999999999,105.0
4479.8323923520575,7.899999999999999,96.5
4479.8323923520575,8.899999999999999,116.0
4479.8323923520575,9.899999999999999,96.5
4479.8323923520575,10.899999999999999,97.0
4479.8323923520575,11.899999999999999,98.0
4479.8323923520575,12.899999999999999,44.5
4479.8323923520575,13.899999999999999,96.5
4479.8323923520575,14.899999999999999,115.0
4479.8323923520575,15.899999999999999,98.0
4479.8323923520575,16.9,97.5
4479.8323923520575,17.9,105.0
4479.8323923520575,18.9,98.5
4479.8323923520575,19.9,107.0
4479.8323923520575,20.9,101.0
4479.8323923520575,21.9,93.5
4479.8323923520575,22.9,103.5
4479.8323923520575,23.9,96.0
4479.8323923520575,24.9,97.0
4479.8323923520575,25.9,48.5
4479.8323923520575,26.9,45.5
4479.8323923520575,27.9,48.0
4479.8323923520575,28.9,102.0
4479.8323923520575,29.9,99.5
4479.8323923520575,30.9,102.0
4479.8323923520575,31.9,101.5
4479.8323923520575,32.9,98.5
4479.8323923520575,33.9,45.5
4479.8323923520575,34.9,105.0
4479.8323923520575,35.9,100.0
4479.8323923520575,36.9,98.5
4479.8323923520575,37.9,98.5
4479.8323923520575,38.9,90.5
4479.8323923520575,39.9,95.0
4479.8323923520575,40.9,101.5
4479.8323923520575,41.9,107.5
4479.8323923520575,42.9,95.5
4479.8323923520575,43.9,94.5
4479.8323923520575,44.9,97.5
4479.8323923520575,45.9,105.5
4479.8323923520575,46.9,46.0
4479.8323923520575,47.9,109.0
4479.8323923520575,48.9,93.5
4479.8323923520575,49.9,106.5
4479.8323923520575,50.9,98.5
4479.8323923520575,51.9,101.5
4479.8323923520575,52.9,48.0
4479.8323923520575,53.9,97.5
4479.8323923520575,54.9,103.5
4479.8323923520575,55.9,104.0
4479.8323923520575,56.9,49.0
4479.8323923520575,57.9,94.5
4479.8323923520575,58.9,47.0
4479.8323923520575,59.9,102.5
4479.8323923520575,60.9,100.5
4479.8323923520575,61.9,110.0
4479.8323923520575,62.9,96.5
4479.8323923520575,63.9,48.0
4479.8323923520575,64.9,98.0
4479.8323923520575,65.9,100.0
4479.8323923520575,66.9,48.0
4479.8323923520575,67.9,100.0
4479.8323923520575,68.9,106.5
4479.8323923520575,69.9,100.0
4479.8323923520575,70.9,96.5
4479.8323923520575,71.9,49.0
4479.8323923520575,72.9,103.0
4479.8323923520575,73.9,99.0
4479.8323923520575,74.9,51.5
4479.8323923520575,75.9,118.0
4479.8323923520575,76.9,97.5
4479.8323923520575,77.9,91.0
4479.8323923520575,78.9,106.5
4479.8323923520575,79.9,94.5
4479.8323923520575,80.9,110.0
4479.8323923520575,81.9,101.0
4479.8323923520575,82.9,106.0
4479.8323923520575,83.9,49.0
4479.8323923520575,84.9,90.0
4479.8323923520575,85.9,49.0
4479.8323923520575,86.9,101.0
4479.8323923520575,87.9,99.5
4479.8323923520575,88.9,46.0
4479.8323923520575,89.9,94.5
4479.8323923520575,90.9,99.0
4479.8323923520575,91.9,106.5
4479.8323923520575,92.9,95.0
4479.8323923520575,93.9,104.0
4479.8323923520575,94.9,94.0
4479.8323923520575,95.9,51.0
4479.8323923520575,96.9,106.0
4479.8323923520575,97.9,94.0
4479.8323923520575,98.9,118.5
4479.8323923520575,99.9,99.5
4479.8323923520575,100.9,98.5
4479.8323923520575,101.9,48.5
4479.8323923520575,102.9,95.5
4479.8323923520575,103.9,100.5
4479.8323923520575,104.9,48.0
4479.8323923520575,105.9,106.0
4479.8323923520575,106.9,49.5
4479.8323923520575,107.9,105.5
4479.8323923520575,108.9,96.5
4479.8323923520575,109.9,99.0
4479.8323923520575,110.9,122.5
4479.8323923520575,111.9,107.5
4479.8323923520575,112.9,104.5
4479.8323923520575,113.9,102.0
4479.8323923520575,114.9,47.5
4479.8323923520575,115.9,49.0
4479.8323923520575,116.9,48.0
4479.8323923520575,117.9,49.0
4479.8323923520575,118.9,53.0
4479.8323923520575,119.9,106.5
4479.8323923520575,120.9,105.5
4479.8323923520575,121.9,100.5
4479.8323923520575,122.9,47.5
4479.8323923520575,123.9,46.5
4479.8323923520575,124.9,104.5
4479.8323923520575,125.9,46.5
4479.8323923520575,126.9,50.5
4479.8323923520575,127.9,48.0
4479.8323923520575,128.9,49.0
4479.8323923520575,129.9,113.5
4479.8323923520575,130.9,98.5
4479.8323923520575,131.9,46.0
4479.8323923520575,132.9,46.5
4479.8323923520575,133.9,48.0
4479.8323923520575,134.9,46.5
4479.8323923520575,135.9,47.5
4479.8323923520575,136.9,108.0
4479.8323923520575,137.9,48.5
4479.8323923520575,138.9,111.0
4479.8323923520575,139.9,108.5
4479.8323923520575,140.9,105.5
4479.8323923520575,141.9,105.0
4479.8323923520575,142.9,106.0
4479.8323923520575,143.9,48.5
4479.8323923520575,144.9,101.5
4479.8323923520575,145.9,99.0
4479.8323923520575,146.9,49.5
4479.8323923520575,147.9,49.5
4479.8323923520575,148.9,95.0
4479.8323923520575,149.9,96.5
4479.8323923520575,150.9,109.0
4479.8323923520575,151.9,46.5
4479.8323923520575,152.9,97.0
4479.8323923520575,153.9,92.5
4479.8323923520575,154.9,98.5
4479.8323923520575,155.9,49.0
4479.8323923520575,156.9,101.0
4479.8323923520575,157.9,51.0
4479.8323923520575,158.9,98.5
4479.8323923520575,159.9,97.5
4479.8323923520575,160.9,96.5
4479.8323923520575,161.9,100.0
4479.8323923520575,162.9,47.0
4479.8323923520575,163.9,45.0
4479.8323923520575,164.9,100.5
4479.8323923520575,165.9,97.5
4479.8323923520575,166.9,99.5
4479.8323923520575,167.9,49.0
4479.8323923520575,168.9,46.0
4479.8323923520575,169.9,48.0
4479.8323923520575,170.9,100.5
4479.8323923520575,171.9,93.5
4479.8323923520575,172.9,48.0
4479.8323923520575,173.9,109.5
4479.8323923520575,174.9,108.5
4479.8323923520575,175.9,110.5
4479.8323923520575,176.9,88.5
4479.8323923520575,177.9,103.5
4479.8323923520575,178.9,101.5
4479.8323923520575,179.9,102.0
4479.8323923520575,180.9,104.5
4479.8323923520575,181.9,96.5
4479.8323923520575,182.9,47.5
4479.8323923520575,183.9,93.5
4479.8323923520575,184.9,105.0
4479.8323923520575,185.9,113.0
4479.8323923520575,186.9,106.5
4479.8323923520575,187.9,51.0
4479.8323923520575,188.9,48.0
4479.8323923520575,189.9,49.5
4479.8323923520575,190.9,95.5
4479.8323923520575,191.9,112.0
4479.8323923520575,192.9,101.5
4479.8323923520575,193.9,50.0
4479.8323923520575,194.9,99.0
4479.8323923520575,195.9,113.5
4479.8323923520575,196.9,98.0
4479.8323923520575,197.9,99.5
4479.8323923520575,198.9,47.0
4479.8323923520575,199.9,98.5
4479.8323923520575,200.9,48.0
4479.8323923520575,201.9,104.0
4479.8323923520575,202.9,100.0
4479.8323923520575,203.9,96.0
4479.8323923520575,204.9,93.5
4479.8323923520575,205.9,46.5
4479.8323923520575,206.9,101.0
4479.8323923520575,207.9,108.0
4479.8323923520575,208.9,98.5
4479.8323923520575,209.9,49.5
4479.8323923520575,210.9,102.0
4479.8323923520575,211.9,48.5
4479.8323923520575,212.9,104.0
4479.8323923520575,213.9,113.0
4479.8323923520575,214.9,120.5
4479.8323923520575,215.9,108.0
4479.8323923520575,216.9,48.5
4479.8323923520575,217.9,96.5
4479.8323923520575,218.9,99.0
4479.8323923520575,219.9,97.0
4479.8323923520575,220.9,101.5
4479.8323923520575,221.9,46.5
4479.8323923520575,222.9,46.0
4479.8323923520575,223.9,47.5
4479.8323923520575,224.9,102.0
4479.8323923520575,225.9,47.0
4479.8323923520575,226.9,95.0
4479.8323923520575,227.9,98.5
4479.8323923520575,228.9,116.0
4479.8323923520575,229.9,93.0
4479.8323923520575,230.9,102.0
4479.8323923520575,231.9,112.0
4479.8323923520575,232.9,93.5
4479.8323923520575,233.9,107.5
4479.8323923520575,234.9,48.0
4479.8323923520575,235.9,49.0
4479.8323923520575,236.9,107.0
4479.8323923520575,237.9,48.0
4479.8323923520575,238.9,49.5
4479.8323923520575,239.9,46.0
