id,starttijd,before,after
no_incident_camera_baseRWS01_MONIBAS_0201hrr0319ra_2020-03-10 03:18:55,2020-03-10 03:18:55,"""{\""RWS01_MONIBAS_0201hrr0285ra\"": 3000.0, \""RWS01_MONIBAS_0201hrr0284ra\"": 2839.976189568402, \""RWS01_MONIBAS_0201hrr0257ra\"": 431.05659007992244}""","""{\""RWS01_MONIBAS_0201hrr0288ra\"": 3231.814935862123, \""RWS01_MONIBAS_0201hrr0291ra\"": 3533.7924432076416, \""RWS01_MONIBAS_0201hrr0295ra\"": 3924.3419620541467, \""RWS01_MONIBAS_0201hrr0298ra\"": 4231.080458587956, \""RWS01_MONIBAS_0201hrr0301ra\"": 4614.416258398908, \""RWS01_MONIBAS_0200vwa0303ra\"": 4743.437957210798, \""RWS01_MONIBAS_0201hrr0306ra\"": 5026.462277661043, \""RWS01_MONIBAS_0201hrr0309ra\"": 5396.736692551054, \""RWS01_MONIBAS_0201hrr0312ra\"": 5673.210200071818, \""RWS01_MONIBAS_0201hrr0315ra\"": 5961.9439339821965, \""RWS01_MONIBAS_0201hrr0319ra\"": 6311.120786673314}"""
no_incident_camera_baseRWS01_MONIBAS_0201hrr0319ra_2020-03-25 07:26:02,2020-03-25 07:26:02,"""{\""RWS01_MONIBAS_0201hrr0285ra\"": 3000.0, \""RWS01_MONIBAS_0201hrr0284ra\"": 2839.976189568402, \""RWS01_MONIBAS_0201hrr0257ra\"": 431.05659007992244}""","""{\""RWS01_MONIBAS_0201hrr0288ra\"": 3231.814935862123, \""RWS01_MONIBAS_0201hrr0291ra\"": 3533.7924432076416, \""RWS01_MONIBAS_0201hrr0295ra\"": 3924.3419620541467, \""RWS01_MONIBAS_0201hrr0298ra\"": 4231.080458587956, \""RWS01_MONIBAS_0201hrr0301ra\"": 4614.416258398908, \""RWS01_MONIBAS_0200vwa0303ra\"": 4743.437957210798, \""RWS01_MONIBAS_0201hrr0306ra\"": 5026.462277661043, \""RWS01_MONIBAS_0201hrr0309ra\"": 5396.736692551054, \""RWS01_MONIBAS_0201hrr0312ra\"": 5673.210200071818, \""RWS01_MONIBAS_0201hrr0315ra\"": 5961.9439339821965, \""RWS01_MONIBAS_0201hrr0319ra\"": 6311.120786673314}"""
no_incident_camera_baseRWS01_MONIBAS_0201hrr0319ra_2020-03-22 06:43:22,2020-03-22 06:43:22,"""{\""RWS01_MONIBAS_0201hrr0285ra\"": 3000.0, \""RWS01_MONIBAS_0201hrr0284ra\"": 2839.976189568402, \""RWS01_MONIBAS_0201hrr0257ra\"": 431.05659007992244}""","""{\""RWS01_MONIBAS_0201hrr0288ra\"": 3231.814935862123, \""RWS01_MONIBAS_0201hrr0291ra\"": 3533.7924432076416, \""RWS01_MONIBAS_0201hrr0295ra\"": 3924.3419620541467, \""RWS01_MONIBAS_0201hrr0298ra\"": 4231.080458587956, \""RWS01_MONIBAS_0201hrr0301ra\"": 4614.416258398908, \""RWS01_MONIBAS_0200vwa0303ra\"": 4743.437957210798, \""RWS01_MONIBAS_0201hrr0306ra\"": 5026.462277661043, \""RWS01_MONIBAS_0201hrr0309ra\"": 5396.736692551054, \""RWS01_MONIBAS_0201hrr0312ra\"": 5673.210200071818, \""RWS01_MONIBAS_0201hrr0315ra\"": 5961.9439339821965, \""RWS01_MONIBAS_0201hrr0319ra\"": 6311.120786673314}"""
no_incident_camera_baseRWS01_MONIBAS_0201hrr0319ra_2020-03-07 01:21:04,2020-03-07 01:21:04,"""{\""RWS01_MONIBAS_0201hrr0285ra\"": 3000.0, \""RWS01_MONIBAS_0201hrr0284ra\"": 2839.976189568402, \""RWS01_MONIBAS_0201hrr0257ra\"": 431.05659007992244}""","""{\""RWS01_MONIBAS_0201hrr0288ra\"": 3231.814935862123, \""RWS01_MONIBAS_0201hrr0291ra\"": 3533.7924432076416, \""RWS01_MONIBAS_0201hrr0295ra\"": 3924.3419620541467, \""RWS01_MONIBAS_0201hrr0298ra\"": 4231.080458587956, \""RWS01_MONIBAS_0201hrr0301ra\"": 4614.416258398908, \""RWS01_MONIBAS_0200vwa0303ra\"": 4743.437957210798, \""RWS01_MONIBAS_0201hrr0306ra\"": 5026.462277661043, \""RWS01_MONIBAS_0201hrr0309ra\"": 5396.736692551054, \""RWS01_MONIBAS_0201hrr0312ra\"": 5673.210200071818, \""RWS01_MONIBAS_0201hrr0315ra\"": 5961.9439339821965, \""RWS01_MONIBAS_0201hrr0319ra\"": 6311.120786673314}"""
no_incident_camera_baseRWS01_MONIBAS_0201hrr0319ra_2020-03-10 02:42:35,2020-03-10 02:42:35,"""{\""RWS01_MONIBAS_0201hrr0285ra\"": 3000.0, \""RWS01_MONIBAS_0201hrr0284ra\"": 2839.976189568402, \""RWS01_MONIBAS_0201hrr0257ra\"": 431.05659007992244}""","""{\""RWS01_MONIBAS_0201hrr0288ra\"": 3231.814935862123, \""RWS01_MONIBAS_0201hrr0291ra\"": 3533.7924432076416, \""RWS01_MONIBAS_0201hrr0295ra\"": 3924.3419620541467, \""RWS01_MONIBAS_0201hrr0298ra\"": 4231.080458587956, \""RWS01_MONIBAS_0201hrr0301ra\"": 4614.416258398908, \""RWS01_MONIBAS_0200vwa0303ra\"": 4743.437957210798, \""RWS01_MONIBAS_0201hrr0306ra\"": 5026.462277661043, \""RWS01_MONIBAS_0201hrr0309ra\"": 5396.736692551054, \""RWS01_MONIBAS_0201hrr0312ra\"": 5673.210200071818, \""RWS01_MONIBAS_0201hrr0315ra\"": 5961.9439339821965, \""RWS01_MONIBAS_0201hrr0319ra\"": 6311.120786673314}"""
no_incident_camera_baseRWS01_MONIBAS_0201hrr0319ra_2020-03-26 09:14:42,2020-03-26 09:14:42,"""{\""RWS01_MONIBAS_0201hrr0285ra\"": 3000.0, \""RWS01_MONIBAS_0201hrr0284ra\"": 2839.976189568402, \""RWS01_MONIBAS_0201hrr0257ra\"": 431.05659007992244}""","""{\""RWS01_MONIBAS_0201hrr0288ra\"": 3231.814935862123, \""RWS01_MONIBAS_0201hrr0291ra\"": 3533.7924432076416, \""RWS01_MONIBAS_0201hrr0295ra\"": 3924.3419620541467, \""RWS01_MONIBAS_0201hrr0298ra\"": 4231.080458587956, \""RWS01_MONIBAS_0201hrr0301ra\"": 4614.416258398908, \""RWS01_MONIBAS_0200vwa0303ra\"": 4743.437957210798, \""RWS01_MONIBAS_0201hrr0306ra\"": 5026.462277661043, \""RWS01_MONIBAS_0201hrr0309ra\"": 5396.736692551054, \""RWS01_MONIBAS_0201hrr0312ra\"": 5673.210200071818, \""RWS01_MONIBAS_0201hrr0315ra\"": 5961.9439339821965, \""RWS01_MONIBAS_0201hrr0319ra\"": 6311.120786673314}"""
no_incident_camera_baseRWS01_MONIBAS_0201hrr0319ra_2020-03-09 03:58:22,2020-03-09 03:58:22,"""{\""RWS01_MONIBAS_0201hrr0285ra\"": 3000.0, \""RWS01_MONIBAS_0201hrr0284ra\"": 2839.976189568402, \""RWS01_MONIBAS_0201hrr0257ra\"": 431.05659007992244}""","""{\""RWS01_MONIBAS_0201hrr0288ra\"": 3231.814935862123, \""RWS01_MONIBAS_0201hrr0291ra\"": 3533.7924432076416, \""RWS01_MONIBAS_0201hrr0295ra\"": 3924.3419620541467, \""RWS01_MONIBAS_0201hrr0298ra\"": 4231.080458587956, \""RWS01_MONIBAS_0201hrr0301ra\"": 4614.416258398908, \""RWS01_MONIBAS_0200vwa0303ra\"": 4743.437957210798, \""RWS01_MONIBAS_0201hrr0306ra\"": 5026.462277661043, \""RWS01_MONIBAS_0201hrr0309ra\"": 5396.736692551054, \""RWS01_MONIBAS_0201hrr0312ra\"": 5673.210200071818, \""RWS01_MONIBAS_0201hrr0315ra\"": 5961.9439339821965, \""RWS01_MONIBAS_0201hrr0319ra\"": 6311.120786673314}"""
no_incident_camera_baseRWS01_MONIBAS_0201hrr0319ra_2020-03-03 19:59:11,2020-03-03 19:59:11,"""{\""RWS01_MONIBAS_0201hrr0285ra\"": 3000.0, \""RWS01_MONIBAS_0201hrr0284ra\"": 2839.976189568402, \""RWS01_MONIBAS_0201hrr0257ra\"": 431.05659007992244}""","""{\""RWS01_MONIBAS_0201hrr0288ra\"": 3231.814935862123, \""RWS01_MONIBAS_0201hrr0291ra\"": 3533.7924432076416, \""RWS01_MONIBAS_0201hrr0295ra\"": 3924.3419620541467, \""RWS01_MONIBAS_0201hrr0298ra\"": 4231.080458587956, \""RWS01_MONIBAS_0201hrr0301ra\"": 4614.416258398908, \""RWS01_MONIBAS_0200vwa0303ra\"": 4743.437957210798, \""RWS01_MONIBAS_0201hrr0306ra\"": 5026.462277661043, \""RWS01_MONIBAS_0201hrr0309ra\"": 5396.736692551054, \""RWS01_MONIBAS_0201hrr0312ra\"": 5673.210200071818, \""RWS01_MONIBAS_0201hrr0315ra\"": 5961.9439339821965, \""RWS01_MONIBAS_0201hrr0319ra\"": 6311.120786673314}"""
no_incident_camera_baseRWS01_MONIBAS_0201hrr0319ra_2020-03-02 05:33:42,2020-03-02 05:33:42,"""{\""RWS01_MONIBAS_0201hrr0285ra\"": 3000.0, \""RWS01_MONIBAS_0201hrr0284ra\"": 2839.976189568402, \""RWS01_MONIBAS_0201hrr0257ra\"": 431.05659007992244}""","""{\""RWS01_MONIBAS_0201hrr0288ra\"": 3231.814935862123, \""RWS01_MONIBAS_0201hrr0291ra\"": 3533.7924432076416, \""RWS01_MONIBAS_0201hrr0295ra\"": 3924.3419620541467, \""RWS01_MONIBAS_0201hrr0298ra\"": 4231.080458587956, \""RWS01_MONIBAS_0201hrr0301ra\"": 4614.416258398908, \""RWS01_MONIBAS_0200vwa0303ra\"": 4743.437957210798, \""RWS01_MONIBAS_0201hrr0306ra\"": 5026.462277661043, \""RWS01_MONIBAS_0201hrr0309ra\"": 5396.736692551054, \""RWS01_MONIBAS_0201hrr0312ra\"": 5673.210200071818, \""RWS01_MONIBAS_0201hrr0315ra\"": 5961.9439339821965, \""RWS01_MONIBAS_0201hrr0319ra\"": 6311.120786673314}"""
no_incident_camera_baseRWS01_MONIBAS_0201hrr0319ra_2020-03-27 06:46:12,2020-03-27 06:46:12,"""{\""RWS01_MONIBAS_0201hrr0285ra\"": 3000.0, \""RWS01_MONIBAS_0201hrr0284ra\"": 2839.976189568402, \""RWS01_MONIBAS_0201hrr0257ra\"": 431.05659007992244}""","""{\""RWS01_MONIBAS_0201hrr0288ra\"": 3231.814935862123, \""RWS01_MONIBAS_0201hrr0291ra\"": 3533.7924432076416, \""RWS01_MONIBAS_0201hrr0295ra\"": 3924.3419620541467, \""RWS01_MONIBAS_0201hrr0298ra\"": 4231.080458587956, \""RWS01_MONIBAS_0201hrr0301ra\"": 4614.416258398908, \""RWS01_MONIBAS_0200vwa0303ra\"": 4743.437957210798, \""RWS01_MONIBAS_0201hrr0306ra\"": 5026.462277661043, \""RWS01_MONIBAS_0201hrr0309ra\"": 5396.736692551054, \""RWS01_MONIBAS_0201hrr0312ra\"": 5673.210200071818, \""RWS01_MONIBAS_0201hrr0315ra\"": 5961.9439339821965, \""RWS01_MONIBAS_0201hrr0319ra\"": 6311.120786673314}"""
no_incident_camera_baseRWS01_MONIBAS_0201hrr0343ra_2020-03-24 02:41:40,2020-03-24 02:41:40,"""{\""RWS01_MONIBAS_0201hrr0309ra\"": 3000.0, \""RWS01_MONIBAS_0201hrr0306ra\"": 2629.725585109989, \""RWS01_MONIBAS_0200vwa0303ra\"": 2346.701264659744, \""RWS01_MONIBAS_0201hrr0301ra\"": 2217.679565847854, \""RWS01_MONIBAS_0201hrr0298ra\"": 1834.343766036901, \""RWS01_MONIBAS_0201hrr0295ra\"": 1527.6052695030921, \""RWS01_MONIBAS_0201hrr0291ra\"": 1137.0557506565872, \""RWS01_MONIBAS_0201hrr0288ra\"": 835.0782433110685, \""RWS01_MONIBAS_0201hrr0285ra\"": 603.2633074489454, \""RWS01_MONIBAS_0201hrr0284ra\"": 443.2394970173473}""","""{\""RWS01_MONIBAS_0201hrr0312ra\"": 3276.473507520763, \""RWS01_MONIBAS_0201hrr0315ra\"": 3565.2072414311415, \""RWS01_MONIBAS_0201hrr0319ra\"": 3914.3840941222593, \""RWS01_MONIBAS_0201hrr0322ra\"": 4223.191397121996, \""RWS01_MONIBAS_0201hrr0324ra\"": 4476.743906641348, \""RWS01_MONIBAS_0201hrr0328ra\"": 4808.485889682265, \""RWS01_MONIBAS_0201hrr0332ra\"": 5207.043163254888, \""RWS01_MONIBAS_0201hrr0333ra\"": 5365.711427065204, \""RWS01_MONIBAS_0201hrr0338ra\"": 5855.304155204734, \""RWS01_MONIBAS_0201hrr0343ra\"": 6304.468399547873}"""
no_incident_camera_baseRWS01_MONIBAS_0201hrr0343ra_2020-03-14 07:44:57,2020-03-14 07:44:57,"""{\""RWS01_MONIBAS_0201hrr0309ra\"": 3000.0, \""RWS01_MONIBAS_0201hrr0306ra\"": 2629.725585109989, \""RWS01_MONIBAS_0200vwa0303ra\"": 2346.701264659744, \""RWS01_MONIBAS_0201hrr0301ra\"": 2217.679565847854, \""RWS01_MONIBAS_0201hrr0298ra\"": 1834.343766036901, \""RWS01_MONIBAS_0201hrr0295ra\"": 1527.6052695030921, \""RWS01_MONIBAS_0201hrr0291ra\"": 1137.0557506565872, \""RWS01_MONIBAS_0201hrr0288ra\"": 835.0782433110685, \""RWS01_MONIBAS_0201hrr0285ra\"": 603.2633074489454, \""RWS01_MONIBAS_0201hrr0284ra\"": 443.2394970173473}""","""{\""RWS01_MONIBAS_0201hrr0312ra\"": 3276.473507520763, \""RWS01_MONIBAS_0201hrr0315ra\"": 3565.2072414311415, \""RWS01_MONIBAS_0201hrr0319ra\"": 3914.3840941222593, \""RWS01_MONIBAS_0201hrr0322ra\"": 4223.191397121996, \""RWS01_MONIBAS_0201hrr0324ra\"": 4476.743906641348, \""RWS01_MONIBAS_0201hrr0328ra\"": 4808.485889682265, \""RWS01_MONIBAS_0201hrr0332ra\"": 5207.043163254888, \""RWS01_MONIBAS_0201hrr0333ra\"": 5365.711427065204, \""RWS01_MONIBAS_0201hrr0338ra\"": 5855.304155204734, \""RWS01_MONIBAS_0201hrr0343ra\"": 6304.468399547873}"""
no_incident_camera_baseRWS01_MONIBAS_0201hrr0343ra_2020-03-13 02:43:10,2020-03-13 02:43:10,"""{\""RWS01_MONIBAS_0201hrr0309ra\"": 3000.0, \""RWS01_MONIBAS_0201hrr0306ra\"": 2629.725585109989, \""RWS01_MONIBAS_0200vwa0303ra\"": 2346.701264659744, \""RWS01_MONIBAS_0201hrr0301ra\"": 2217.679565847854, \""RWS01_MONIBAS_0201hrr0298ra\"": 1834.343766036901, \""RWS01_MONIBAS_0201hrr0295ra\"": 1527.6052695030921, \""RWS01_MONIBAS_0201hrr0291ra\"": 1137.0557506565872, \""RWS01_MONIBAS_0201hrr0288ra\"": 835.0782433110685, \""RWS01_MONIBAS_0201hrr0285ra\"": 603.2633074489454, \""RWS01_MONIBAS_0201hrr0284ra\"": 443.2394970173473}""","""{\""RWS01_MONIBAS_0201hrr0312ra\"": 3276.473507520763, \""RWS01_MONIBAS_0201hrr0315ra\"": 3565.2072414311415, \""RWS01_MONIBAS_0201hrr0319ra\"": 3914.3840941222593, \""RWS01_MONIBAS_0201hrr0322ra\"": 4223.191397121996, \""RWS01_MONIBAS_0201hrr0324ra\"": 4476.743906641348, \""RWS01_MONIBAS_0201hrr0328ra\"": 4808.485889682265, \""RWS01_MONIBAS_0201hrr0332ra\"": 5207.043163254888, \""RWS01_MONIBAS_0201hrr0333ra\"": 5365.711427065204, \""RWS01_MONIBAS_0201hrr0338ra\"": 5855.304155204734, \""RWS01_MONIBAS_0201hrr0343ra\"": 6304.468399547873}"""
no_incident_camera_baseRWS01_MONIBAS_0201hrr0343ra_2020-03-21 06:36:46,2020-03-21 06:36:46,"""{\""RWS01_MONIBAS_0201hrr0309ra\"": 3000.0, \""RWS01_MONIBAS_0201hrr0306ra\"": 2629.725585109989, \""RWS01_MONIBAS_0200vwa0303ra\"": 2346.701264659744, \""RWS01_MONIBAS_0201hrr0301ra\"": 2217.679565847854, \""RWS01_MONIBAS_0201hrr0298ra\"": 1834.343766036901, \""RWS01_MONIBAS_0201hrr0295ra\"": 1527.6052695030921, \""RWS01_MONIBAS_0201hrr0291ra\"": 1137.0557506565872, \""RWS01_MONIBAS_0201hrr0288ra\"": 835.0782433110685, \""RWS01_MONIBAS_0201hrr0285ra\"": 603.2633074489454, \""RWS01_MONIBAS_0201hrr0284ra\"": 443.2394970173473}""","""{\""RWS01_MONIBAS_0201hrr0312ra\"": 3276.473507520763, \""RWS01_MONIBAS_0201hrr0315ra\"": 3565.2072414311415, \""RWS01_MONIBAS_0201hrr0319ra\"": 3914.3840941222593, \""RWS01_MONIBAS_0201hrr0322ra\"": 4223.191397121996, \""RWS01_MONIBAS_0201hrr0324ra\"": 4476.743906641348, \""RWS01_MONIBAS_0201hrr0328ra\"": 4808.485889682265, \""RWS01_MONIBAS_0201hrr0332ra\"": 5207.043163254888, \""RWS01_MONIBAS_0201hrr0333ra\"": 5365.711427065204, \""RWS01_MONIBAS_0201hrr0338ra\"": 5855.304155204734, \""RWS01_MONIBAS_0201hrr0343ra\"": 6304.468399547873}"""
no_incident_camera_baseRWS01_MONIBAS_0201hrr0343ra_2020-03-07 19:49:52,2020-03-07 19:49:52,"""{\""RWS01_MONIBAS_0201hrr0309ra\"": 3000.0, \""RWS01_MONIBAS_0201hrr0306ra\"": 2629.725585109989, \""RWS01_MONIBAS_0200vwa0303ra\"": 2346.701264659744, \""RWS01_MONIBAS_0201hrr0301ra\"": 2217.679565847854, \""RWS01_MONIBAS_0201hrr0298ra\"": 1834.343766036901, \""RWS01_MONIBAS_0201hrr0295ra\"": 1527.6052695030921, \""RWS01_MONIBAS_0201hrr0291ra\"": 1137.0557506565872, \""RWS01_MONIBAS_0201hrr0288ra\"": 835.0782433110685, \""RWS01_MONIBAS_0201hrr0285ra\"": 603.2633074489454, \""RWS01_MONIBAS_0201hrr0284ra\"": 443.2394970173473}""","""{\""RWS01_MONIBAS_0201hrr0312ra\"": 3276.473507520763, \""RWS01_MONIBAS_0201hrr0315ra\"": 3565.2072414311415, \""RWS01_MONIBAS_0201hrr0319ra\"": 3914.3840941222593, \""RWS01_MONIBAS_0201hrr0322ra\"": 4223.191397121996, \""RWS01_MONIBAS_0201hrr0324ra\"": 4476.743906641348, \""RWS01_MONIBAS_0201hrr0328ra\"": 4808.485889682265, \""RWS01_MONIBAS_0201hrr0332ra\"": 5207.043163254888, \""RWS01_MONIBAS_0201hrr0333ra\"": 5365.711427065204, \""RWS01_MONIBAS_0201hrr0338ra\"": 5855.304155204734, \""RWS01_MONIBAS_0201hrr0343ra\"": 6304.468399547873}"""
no_incident_camera_baseRWS01_MONIBAS_0201hrr0343ra_2020-03-10 00:08:33,2020-03-10 00:08:33,"""{\""RWS01_MONIBAS_0201hrr0309ra\"": 3000.0, \""RWS01_MONIBAS_0201hrr0306ra\"": 2629.725585109989, \""RWS01_MONIBAS_0200vwa0303ra\"": 2346.701264659744, \""RWS01_MONIBAS_0201hrr0301ra\"": 2217.679565847854, \""RWS01_MONIBAS_0201hrr0298ra\"": 1834.343766036901, \""RWS01_MONIBAS_0201hrr0295ra\"": 1527.6052695030921, \""RWS01_MONIBAS_0201hrr0291ra\"": 1137.0557506565872, \""RWS01_MONIBAS_0201hrr0288ra\"": 835.0782433110685, \""RWS01_MONIBAS_0201hrr0285ra\"": 603.2633074489454, \""RWS01_MONIBAS_0201hrr0284ra\"": 443.2394970173473}""","""{\""RWS01_MONIBAS_0201hrr0312ra\"": 3276.473507520763, \""RWS01_MONIBAS_0201hrr0315ra\"": 3565.2072414311415, \""RWS01_MONIBAS_0201hrr0319ra\"": 3914.3840941222593, \""RWS01_MONIBAS_0201hrr0322ra\"": 4223.191397121996, \""RWS01_MONIBAS_0201hrr0324ra\"": 4476.743906641348, \""RWS01_MONIBAS_0201hrr0328ra\"": 4808.485889682265, \""RWS01_MONIBAS_0201hrr0332ra\"": 5207.043163254888, \""RWS01_MONIBAS_0201hrr0333ra\"": 5365.711427065204, \""RWS01_MONIBAS_0201hrr0338ra\"": 5855.304155204734, \""RWS01_MONIBAS_0201hrr0343ra\"": 6304.468399547873}"""
no_incident_camera_baseRWS01_MONIBAS_0201hrr0343ra_2020-03-14 17:55:57,2020-03-14 17:55:57,"""{\""RWS01_MONIBAS_0201hrr0309ra\"": 3000.0, \""RWS01_MONIBAS_0201hrr0306ra\"": 2629.725585109989, \""RWS01_MONIBAS_0200vwa0303ra\"": 2346.701264659744, \""RWS01_MONIBAS_0201hrr0301ra\"": 2217.679565847854, \""RWS01_MONIBAS_0201hrr0298ra\"": 1834.343766036901, \""RWS01_MONIBAS_0201hrr0295ra\"": 1527.6052695030921, \""RWS01_MONIBAS_0201hrr0291ra\"": 1137.0557506565872, \""RWS01_MONIBAS_0201hrr0288ra\"": 835.0782433110685, \""RWS01_MONIBAS_0201hrr0285ra\"": 603.2633074489454, \""RWS01_MONIBAS_0201hrr0284ra\"": 443.2394970173473}""","""{\""RWS01_MONIBAS_0201hrr0312ra\"": 3276.473507520763, \""RWS01_MONIBAS_0201hrr0315ra\"": 3565.2072414311415, \""RWS01_MONIBAS_0201hrr0319ra\"": 3914.3840941222593, \""RWS01_MONIBAS_0201hrr0322ra\"": 4223.191397121996, \""RWS01_MONIBAS_0201hrr0324ra\"": 4476.743906641348, \""RWS01_MONIBAS_0201hrr0328ra\"": 4808.485889682265, \""RWS01_MONIBAS_0201hrr0332ra\"": 5207.043163254888, \""RWS01_MONIBAS_0201hrr0333ra\"": 5365.711427065204, \""RWS01_MONIBAS_0201hrr0338ra\"": 5855.304155204734, \""RWS01_MONIBAS_0201hrr0343ra\"": 6304.468399547873}"""
no_incident_camera_baseRWS01_MONIBAS_0201hrr0343ra_2020-03-06 04:47:45,2020-03-06 04:47:45,"""{\""RWS01_MONIBAS_0201hrr0309ra\"": 3000.0, \""RWS01_MONIBAS_0201hrr0306ra\"": 2629.725585109989, \""RWS01_MONIBAS_0200vwa0303ra\"": 2346.701264659744, \""RWS01_MONIBAS_0201hrr0301ra\"": 2217.679565847854, \""RWS01_MONIBAS_0201hrr0298ra\"": 1834.343766036901, \""RWS01_MONIBAS_0201hrr0295ra\"": 1527.6052695030921, \""RWS01_MONIBAS_0201hrr0291ra\"": 1137.0557506565872, \""RWS01_MONIBAS_0201hrr0288ra\"": 835.0782433110685, \""RWS01_MONIBAS_0201hrr0285ra\"": 603.2633074489454, \""RWS01_MONIBAS_0201hrr0284ra\"": 443.2394970173473}""","""{\""RWS01_MONIBAS_0201hrr0312ra\"": 3276.473507520763, \""RWS01_MONIBAS_0201hrr0315ra\"": 3565.2072414311415, \""RWS01_MONIBAS_0201hrr0319ra\"": 3914.3840941222593, \""RWS01_MONIBAS_0201hrr0322ra\"": 4223.191397121996, \""RWS01_MONIBAS_0201hrr0324ra\"": 4476.743906641348, \""RWS01_MONIBAS_0201hrr0328ra\"": 4808.485889682265, \""RWS01_MONIBAS_0201hrr0332ra\"": 5207.043163254888, \""RWS01_MONIBAS_0201hrr0333ra\"": 5365.711427065204, \""RWS01_MONIBAS_0201hrr0338ra\"": 5855.304155204734, \""RWS01_MONIBAS_0201hrr0343ra\"": 6304.468399547873}"""
no_incident_camera_baseRWS01_MONIBAS_0201hrr0343ra_2020-03-27 20:21:11,2020-03-27 20:21:11,"""{\""RWS01_MONIBAS_0201hrr0309ra\"": 3000.0, \""RWS01_MONIBAS_0201hrr0306ra\"": 2629.725585109989, \""RWS01_MONIBAS_0200vwa0303ra\"": 2346.701264659744, \""RWS01_MONIBAS_0201hrr0301ra\"": 2217.679565847854, \""RWS01_MONIBAS_0201hrr0298ra\"": 1834.343766036901, \""RWS01_MONIBAS_0201hrr0295ra\"": 1527.6052695030921, \""RWS01_MONIBAS_0201hrr0291ra\"": 1137.0557506565872, \""RWS01_MONIBAS_0201hrr0288ra\"": 835.0782433110685, \""RWS01_MONIBAS_0201hrr0285ra\"": 603.2633074489454, \""RWS01_MONIBAS_0201hrr0284ra\"": 443.2394970173473}""","""{\""RWS01_MONIBAS_0201hrr0312ra\"": 3276.473507520763, \""RWS01_MONIBAS_0201hrr0315ra\"": 3565.2072414311415, \""RWS01_MONIBAS_0201hrr0319ra\"": 3914.3840941222593, \""RWS01_MONIBAS_0201hrr0322ra\"": 4223.191397121996, \""RWS01_MONIBAS_0201hrr0324ra\"": 4476.743906641348, \""RWS01_MONIBAS_0201hrr0328ra\"": 4808.485889682265, \""RWS01_MONIBAS_0201hrr0332ra\"": 5207.043163254888, \""RWS01_MONIBAS_0201hrr0333ra\"": 5365.711427065204, \""RWS01_MONIBAS_0201hrr0338ra\"": 5855.304155204734, \""RWS01_MONIBAS_0201hrr0343ra\"": 6304.468399547873}"""
no_incident_camera_baseRWS01_MONIBAS_0201hrr0343ra_2020-03-19 09:20:55,2020-03-19 09:20:55,"""{\""RWS01_MONIBAS_0201hrr0309ra\"": 3000.0, \""RWS01_MONIBAS_0201hrr0306ra\"": 2629.725585109989, \""RWS01_MONIBAS_0200vwa0303ra\"": 2346.701264659744, \""RWS01_MONIBAS_0201hrr0301ra\"": 2217.679565847854, \""RWS01_MONIBAS_0201hrr0298ra\"": 1834.343766036901, \""RWS01_MONIBAS_0201hrr0295ra\"": 1527.6052695030921, \""RWS01_MONIBAS_0201hrr0291ra\"": 1137.0557506565872, \""RWS01_MONIBAS_0201hrr0288ra\"": 835.0782433110685, \""RWS01_MONIBAS_0201hrr0285ra\"": 603.2633074489454, \""RWS01_MONIBAS_0201hrr0284ra\"": 443.2394970173473}""","""{\""RWS01_MONIBAS_0201hrr0312ra\"": 3276.473507520763, \""RWS01_MONIBAS_0201hrr0315ra\"": 3565.2072414311415, \""RWS01_MONIBAS_0201hrr0319ra\"": 3914.3840941222593, \""RWS01_MONIBAS_0201hrr0322ra\"": 4223.191397121996, \""RWS01_MONIBAS_0201hrr0324ra\"": 4476.743906641348, \""RWS01_MONIBAS_0201hrr0328ra\"": 4808.485889682265, \""RWS01_MONIBAS_0201hrr0332ra\"": 5207.043163254888, \""RWS01_MONIBAS_0201hrr0333ra\"": 5365.711427065204, \""RWS01_MONIBAS_0201hrr0338ra\"": 5855.304155204734, \""RWS01_MONIBAS_0201hrr0343ra\"": 6304.468399547873}"""
no_incident_camera_baseRWS01_MONIBAS_0150vwn0594ra_2020-03-14 09:34:00,2020-03-14 09:34:00,"""{\""RWS01_MONIBAS_0150vwy0544ra\"": 3000.0}""","""{\""RWS01_MONIBAS_0150vwy0548ra\"": 3411.2182018624626, \""RWS01_MONIBAS_0150vwn0594ra\"": 7829.7709815225735}"""
no_incident_camera_baseRWS01_MONIBAS_0150vwn0594ra_2020-03-15 07:51:04,2020-03-15 07:51:04,"""{\""RWS01_MONIBAS_0150vwy0544ra\"": 3000.0}""","""{\""RWS01_MONIBAS_0150vwy0548ra\"": 3411.2182018624626, \""RWS01_MONIBAS_0150vwn0594ra\"": 7829.7709815225735}"""
no_incident_camera_baseRWS01_MONIBAS_0150vwn0594ra_2020-03-26 00:12:10,2020-03-26 00:12:10,"""{\""RWS01_MONIBAS_0150vwy0544ra\"": 3000.0}""","""{\""RWS01_MONIBAS_0150vwy0548ra\"": 3411.2182018624626, \""RWS01_MONIBAS_0150vwn0594ra\"": 7829.7709815225735}"""
no_incident_camera_baseRWS01_MONIBAS_0150vwn0594ra_2020-03-15 11:21:45,2020-03-15 11:21:45,"""{\""RWS01_MONIBAS_0150vwy0544ra\"": 3000.0}""","""{\""RWS01_MONIBAS_0150vwy0548ra\"": 3411.2182018624626, \""RWS01_MONIBAS_0150vwn0594ra\"": 7829.7709815225735}"""
no_incident_camera_baseRWS01_MONIBAS_0150vwn0594ra_2020-03-27 20:19:13,2020-03-27 20:19:13,"""{\""RWS01_MONIBAS_0150vwy0544ra\"": 3000.0}""","""{\""RWS01_MONIBAS_0150vwy0548ra\"": 3411.2182018624626, \""RWS01_MONIBAS_0150vwn0594ra\"": 7829.7709815225735}"""
no_incident_camera_baseRWS01_MONIBAS_0150vwn0594ra_2020-03-11 04:22:53,2020-03-11 04:22:53,"""{\""RWS01_MONIBAS_0150vwy0544ra\"": 3000.0}""","""{\""RWS01_MONIBAS_0150vwy0548ra\"": 3411.2182018624626, \""RWS01_MONIBAS_0150vwn0594ra\"": 7829.7709815225735}"""
no_incident_camera_baseRWS01_MONIBAS_0150vwn0594ra_2020-03-17 06:34:44,2020-03-17 06:34:44,"""{\""RWS01_MONIBAS_0150vwy0544ra\"": 3000.0}""","""{\""RWS01_MONIBAS_0150vwy0548ra\"": 3411.2182018624626, \""RWS01_MONIBAS_0150vwn0594ra\"": 7829.7709815225735}"""
no_incident_camera_baseRWS01_MONIBAS_0150vwn0594ra_2020-03-10 01:43:46,2020-03-10 01:43:46,"""{\""RWS01_MONIBAS_0150vwy0544ra\"": 3000.0}""","""{\""RWS01_MONIBAS_0150vwy0548ra\"": 3411.2182018624626, \""RWS01_MONIBAS_0150vwn0594ra\"": 7829.7709815225735}"""
no_incident_camera_baseRWS01_MONIBAS_0150vwn0594ra_2020-03-25 20:52:52,2020-03-25 20:52:52,"""{\""RWS01_MONIBAS_0150vwy0544ra\"": 3000.0}""","""{\""RWS01_MONIBAS_0150vwy0548ra\"": 3411.2182018624626, \""RWS01_MONIBAS_0150vwn0594ra\"": 7829.7709815225735}"""
no_incident_camera_baseRWS01_MONIBAS_0150vwn0594ra_2020-03-24 20:42:34,2020-03-24 20:42:34,"""{\""RWS01_MONIBAS_0150vwy0544ra\"": 3000.0}""","""{\""RWS01_MONIBAS_0150vwy0548ra\"": 3411.2182018624626, \""RWS01_MONIBAS_0150vwn0594ra\"": 7829.7709815225735}"""
no_incident_camera_baseRWS01_MONIBAS_0150vwy0553ra_2020-03-25 10:31:58,2020-03-25 10:31:58,"""{\""RWS01_MONIBAS_0150vwn0602ra\"": 3000.0, \""RWS01_MONIBAS_0151hrl0619ra\"": 1428.2844442510773}""","""{\""RWS01_MONIBAS_0150vwn0599ra\"": 3352.261196874741, \""RWS01_MONIBAS_0150vwn0584ra\"": 4802.313378833861, \""RWS01_MONIBAS_0150vwy0553ra\"": 7872.301196693836}"""
no_incident_camera_baseRWS01_MONIBAS_0150vwy0553ra_2020-03-26 09:29:33,2020-03-26 09:29:33,"""{\""RWS01_MONIBAS_0150vwn0602ra\"": 3000.0, \""RWS01_MONIBAS_0151hrl0619ra\"": 1428.2844442510773}""","""{\""RWS01_MONIBAS_0150vwn0599ra\"": 3352.261196874741, \""RWS01_MONIBAS_0150vwn0584ra\"": 4802.313378833861, \""RWS01_MONIBAS_0150vwy0553ra\"": 7872.301196693836}"""
no_incident_camera_baseRWS01_MONIBAS_0150vwy0553ra_2020-03-14 02:28:23,2020-03-14 02:28:23,"""{\""RWS01_MONIBAS_0150vwn0602ra\"": 3000.0, \""RWS01_MONIBAS_0151hrl0619ra\"": 1428.2844442510773}""","""{\""RWS01_MONIBAS_0150vwn0599ra\"": 3352.261196874741, \""RWS01_MONIBAS_0150vwn0584ra\"": 4802.313378833861, \""RWS01_MONIBAS_0150vwy0553ra\"": 7872.301196693836}"""
no_incident_camera_baseRWS01_MONIBAS_0150vwy0553ra_2020-03-21 09:50:59,2020-03-21 09:50:59,"""{\""RWS01_MONIBAS_0150vwn0602ra\"": 3000.0, \""RWS01_MONIBAS_0151hrl0619ra\"": 1428.2844442510773}""","""{\""RWS01_MONIBAS_0150vwn0599ra\"": 3352.261196874741, \""RWS01_MONIBAS_0150vwn0584ra\"": 4802.313378833861, \""RWS01_MONIBAS_0150vwy0553ra\"": 7872.301196693836}"""
no_incident_camera_baseRWS01_MONIBAS_0150vwy0553ra_2020-03-14 20:12:56,2020-03-14 20:12:56,"""{\""RWS01_MONIBAS_0150vwn0602ra\"": 3000.0, \""RWS01_MONIBAS_0151hrl0619ra\"": 1428.2844442510773}""","""{\""RWS01_MONIBAS_0150vwn0599ra\"": 3352.261196874741, \""RWS01_MONIBAS_0150vwn0584ra\"": 4802.313378833861, \""RWS01_MONIBAS_0150vwy0553ra\"": 7872.301196693836}"""
no_incident_camera_baseRWS01_MONIBAS_0150vwy0553ra_2020-03-19 03:39:09,2020-03-19 03:39:09,"""{\""RWS01_MONIBAS_0150vwn0602ra\"": 3000.0, \""RWS01_MONIBAS_0151hrl0619ra\"": 1428.2844442510773}""","""{\""RWS01_MONIBAS_0150vwn0599ra\"": 3352.261196874741, \""RWS01_MONIBAS_0150vwn0584ra\"": 4802.313378833861, \""RWS01_MONIBAS_0150vwy0553ra\"": 7872.301196693836}"""
no_incident_camera_baseRWS01_MONIBAS_0150vwy0553ra_2020-03-24 03:41:34,2020-03-24 03:41:34,"""{\""RWS01_MONIBAS_0150vwn0602ra\"": 3000.0, \""RWS01_MONIBAS_0151hrl0619ra\"": 1428.2844442510773}""","""{\""RWS01_MONIBAS_0150vwn0599ra\"": 3352.261196874741, \""RWS01_MONIBAS_0150vwn0584ra\"": 4802.313378833861, \""RWS01_MONIBAS_0150vwy0553ra\"": 7872.301196693836}"""
no_incident_camera_baseRWS01_MONIBAS_0150vwy0553ra_2020-03-27 06:09:23,2020-03-27 06:09:23,"""{\""RWS01_MONIBAS_0150vwn0602ra\"": 3000.0, \""RWS01_MONIBAS_0151hrl0619ra\"": 1428.2844442510773}""","""{\""RWS01_MONIBAS_0150vwn0599ra\"": 3352.261196874741, \""RWS01_MONIBAS_0150vwn0584ra\"": 4802.313378833861, \""RWS01_MONIBAS_0150vwy0553ra\"": 7872.301196693836}"""
no_incident_camera_baseRWS01_MONIBAS_0150vwy0553ra_2020-03-20 00:49:06,2020-03-20 00:49:06,"""{\""RWS01_MONIBAS_0150vwn0602ra\"": 3000.0, \""RWS01_MONIBAS_0151hrl0619ra\"": 1428.2844442510773}""","""{\""RWS01_MONIBAS_0150vwn0599ra\"": 3352.261196874741, \""RWS01_MONIBAS_0150vwn0584ra\"": 4802.313378833861, \""RWS01_MONIBAS_0150vwy0553ra\"": 7872.301196693836}"""
no_incident_camera_baseRWS01_MONIBAS_0150vwy0553ra_2020-03-19 16:19:10,2020-03-19 16:19:10,"""{\""RWS01_MONIBAS_0150vwn0602ra\"": 3000.0, \""RWS01_MONIBAS_0151hrl0619ra\"": 1428.2844442510773}""","""{\""RWS01_MONIBAS_0150vwn0599ra\"": 3352.261196874741, \""RWS01_MONIBAS_0150vwn0584ra\"": 4802.313378833861, \""RWS01_MONIBAS_0150vwy0553ra\"": 7872.301196693836}"""
no_incident_camera_baseRWS01_MONICA_10D01002F400B8200007_2020-03-20 20:49:35,2020-03-20 20:49:35,"""{\""RWS01_MONIBAS_0160vwx0202ra\"": 3000.0, \""RWS01_MONICA_10D010033400B8200007\"": 2698.4918461856078, \""RWS01_MONIBAS_0160vwx0211ra\"": 2096.8796960450863, \""RWS01_MONIBAS_0160vwx0215ra\"": 1696.3975021464257, \""RWS01_MONIBAS_0160vwx0219ra\"": 1298.6502411816257}""","""{\""RWS01_MONIBAS_0160vwx0182ra\"": 4888.480444419746, \""RWS01_MONICA_10D01002C80DB8200007\"": 5291.0434537363135, \""GEO0B_R_RWSTI357698\"": 5577.955861542538, \""RWS01_MONIBAS_0160vwx0185ra\"": 5999.572952666786, \""RWS01_MONICA_10D01002F400B8200007\"": 6358.708547755443}"""
no_incident_camera_baseRWS01_MONICA_10D01002F400B8200007_2020-03-20 13:12:18,2020-03-20 13:12:18,"""{\""RWS01_MONIBAS_0160vwx0202ra\"": 3000.0, \""RWS01_MONICA_10D010033400B8200007\"": 2698.4918461856078, \""RWS01_MONIBAS_0160vwx0211ra\"": 2096.8796960450863, \""RWS01_MONIBAS_0160vwx0215ra\"": 1696.3975021464257, \""RWS01_MONIBAS_0160vwx0219ra\"": 1298.6502411816257}""","""{\""RWS01_MONIBAS_0160vwx0182ra\"": 4888.480444419746, \""RWS01_MONICA_10D01002C80DB8200007\"": 5291.0434537363135, \""GEO0B_R_RWSTI357698\"": 5577.955861542538, \""RWS01_MONIBAS_0160vwx0185ra\"": 5999.572952666786, \""RWS01_MONICA_10D01002F400B8200007\"": 6358.708547755443}"""
no_incident_camera_baseRWS01_MONICA_10D01002F400B8200007_2020-03-05 16:23:04,2020-03-05 16:23:04,"""{\""RWS01_MONIBAS_0160vwx0202ra\"": 3000.0, \""RWS01_MONICA_10D010033400B8200007\"": 2698.4918461856078, \""RWS01_MONIBAS_0160vwx0211ra\"": 2096.8796960450863, \""RWS01_MONIBAS_0160vwx0215ra\"": 1696.3975021464257, \""RWS01_MONIBAS_0160vwx0219ra\"": 1298.6502411816257}""","""{\""RWS01_MONIBAS_0160vwx0182ra\"": 4888.480444419746, \""RWS01_MONICA_10D01002C80DB8200007\"": 5291.0434537363135, \""GEO0B_R_RWSTI357698\"": 5577.955861542538, \""RWS01_MONIBAS_0160vwx0185ra\"": 5999.572952666786, \""RWS01_MONICA_10D01002F400B8200007\"": 6358.708547755443}"""
no_incident_camera_baseRWS01_MONICA_10D01002F400B8200007_2020-03-25 08:19:43,2020-03-25 08:19:43,"""{\""RWS01_MONIBAS_0160vwx0202ra\"": 3000.0, \""RWS01_MONICA_10D010033400B8200007\"": 2698.4918461856078, \""RWS01_MONIBAS_0160vwx0211ra\"": 2096.8796960450863, \""RWS01_MONIBAS_0160vwx0215ra\"": 1696.3975021464257, \""RWS01_MONIBAS_0160vwx0219ra\"": 1298.6502411816257}""","""{\""RWS01_MONIBAS_0160vwx0182ra\"": 4888.480444419746, \""RWS01_MONICA_10D01002C80DB8200007\"": 5291.0434537363135, \""GEO0B_R_RWSTI357698\"": 5577.955861542538, \""RWS01_MONIBAS_0160vwx0185ra\"": 5999.572952666786, \""RWS01_MONICA_10D01002F400B8200007\"": 6358.708547755443}"""
no_incident_camera_baseRWS01_MONICA_10D01002F400B8200007_2020-03-07 18:45:19,2020-03-07 18:45:19,"""{\""RWS01_MONIBAS_0160vwx0202ra\"": 3000.0, \""RWS01_MONICA_10D010033400B8200007\"": 2698.4918461856078, \""RWS01_MONIBAS_0160vwx0211ra\"": 2096.8796960450863, \""RWS01_MONIBAS_0160vwx0215ra\"": 1696.3975021464257, \""RWS01_MONIBAS_0160vwx0219ra\"": 1298.6502411816257}""","""{\""RWS01_MONIBAS_0160vwx0182ra\"": 4888.480444419746, \""RWS01_MONICA_10D01002C80DB8200007\"": 5291.0434537363135, \""GEO0B_R_RWSTI357698\"": 5577.955861542538, \""RWS01_MONIBAS_0160vwx0185ra\"": 5999.572952666786, \""RWS01_MONICA_10D01002F400B8200007\"": 6358.708547755443}"""
no_incident_camera_baseRWS01_MONICA_10D01002F400B8200007_2020-03-22 10:25:32,2020-03-22 10:25:32,"""{\""RWS01_MONIBAS_0160vwx0202ra\"": 3000.0, \""RWS01_MONICA_10D010033400B8200007\"": 2698.4918461856078, \""RWS01_MONIBAS_0160vwx0211ra\"": 2096.8796960450863, \""RWS01_MONIBAS_0160vwx0215ra\"": 1696.3975021464257, \""RWS01_MONIBAS_0160vwx0219ra\"": 1298.6502411816257}""","""{\""RWS01_MONIBAS_0160vwx0182ra\"": 4888.480444419746, \""RWS01_MONICA_10D01002C80DB8200007\"": 5291.0434537363135, \""GEO0B_R_RWSTI357698\"": 5577.955861542538, \""RWS01_MONIBAS_0160vwx0185ra\"": 5999.572952666786, \""RWS01_MONICA_10D01002F400B8200007\"": 6358.708547755443}"""
no_incident_camera_baseRWS01_MONICA_10D01002F400B8200007_2020-03-20 11:13:31,2020-03-20 11:13:31,"""{\""RWS01_MONIBAS_0160vwx0202ra\"": 3000.0, \""RWS01_MONICA_10D010033400B8200007\"": 2698.4918461856078, \""RWS01_MONIBAS_0160vwx0211ra\"": 2096.8796960450863, \""RWS01_MONIBAS_0160vwx0215ra\"": 1696.3975021464257, \""RWS01_MONIBAS_0160vwx0219ra\"": 1298.6502411816257}""","""{\""RWS01_MONIBAS_0160vwx0182ra\"": 4888.480444419746, \""RWS01_MONICA_10D01002C80DB8200007\"": 5291.0434537363135, \""GEO0B_R_RWSTI357698\"": 5577.955861542538, \""RWS01_MONIBAS_0160vwx0185ra\"": 5999.572952666786, \""RWS01_MONICA_10D01002F400B8200007\"": 6358.708547755443}"""
no_incident_camera_baseRWS01_MONICA_10D01002F400B8200007_2020-03-28 01:09:42,2020-03-28 01:09:42,"""{\""RWS01_MONIBAS_0160vwx0202ra\"": 3000.0, \""RWS01_MONICA_10D010033400B8200007\"": 2698.4918461856078, \""RWS01_MONIBAS_0160vwx0211ra\"": 2096.8796960450863, \""RWS01_MONIBAS_0160vwx0215ra\"": 1696.3975021464257, \""RWS01_MONIBAS_0160vwx0219ra\"": 1298.6502411816257}""","""{\""RWS01_MONIBAS_0160vwx0182ra\"": 4888.480444419746, \""RWS01_MONICA_10D01002C80DB8200007\"": 5291.0434537363135, \""GEO0B_R_RWSTI357698\"": 5577.955861542538, \""RWS01_MONIBAS_0160vwx0185ra\"": 5999.572952666786, \""RWS01_MONICA_10D01002F400B8200007\"": 6358.708547755443}"""
no_incident_camera_baseRWS01_MONICA_10D01002F400B8200007_2020-03-09 12:45:23,2020-03-09 12:45:23,"""{\""RWS01_MONIBAS_0160vwx0202ra\"": 3000.0, \""RWS01_MONICA_10D010033400B8200007\"": 2698.4918461856078, \""RWS01_MONIBAS_0160vwx0211ra\"": 2096.8796960450863, \""RWS01_MONIBAS_0160vwx0215ra\"": 1696.3975021464257, \""RWS01_MONIBAS_0160vwx0219ra\"": 1298.6502411816257}""","""{\""RWS01_MONIBAS_0160vwx0182ra\"": 4888.480444419746, \""RWS01_MONICA_10D01002C80DB8200007\"": 5291.0434537363135, \""GEO0B_R_RWSTI357698\"": 5577.955861542538, \""RWS01_MONIBAS_0160vwx0185ra\"": 5999.572952666786, \""RWS01_MONICA_10D01002F400B8200007\"": 6358.708547755443}"""
no_incident_camera_baseRWS01_MONICA_10D01002F400B8200007_2020-03-16 05:49:18,2020-03-16 05:49:18,"""{\""RWS01_MONIBAS_0160vwx0202ra\"": 3000.0, \""RWS01_MONICA_10D010033400B8200007\"": 2698.4918461856078, \""RWS01_MONIBAS_0160vwx0211ra\"": 2096.8796960450863, \""RWS01_MONIBAS_0160vwx0215ra\"": 1696.3975021464257, \""RWS01_MONIBAS_0160vwx0219ra\"": 1298.6502411816257}""","""{\""RWS01_MONIBAS_0160vwx0182ra\"": 4888.480444419746, \""RWS01_MONICA_10D01002C80DB8200007\"": 5291.0434537363135, \""GEO0B_R_RWSTI357698\"": 5577.955861542538, \""RWS01_MONIBAS_0160vwx0185ra\"": 5999.572952666786, \""RWS01_MONICA_10D01002F400B8200007\"": 6358.708547755443}"""
no_incident_camera_baseRWS01_MONIBAS_0160vwx0193ra_2020-03-06 02:20:49,2020-03-06 02:20:49,"""{\""RWS01_MONICA_10D01002C80DB8200007\"": 3000.0, \""RWS01_MONIBAS_0160vwx0182ra\"": 2597.4369906834327, \""RWS01_MONIBAS_0160vwx0202ra\"": 708.9565462636865, \""RWS01_MONICA_10D010033400B8200007\"": 407.44839244929426}""","""{\""GEO0B_R_RWSTI357698\"": 3286.9124078062237, \""RWS01_MONIBAS_0160vwx0185ra\"": 3708.529498930472, \""RWS01_MONICA_10D01002F400B8200007\"": 4067.6650940191294, \""RWS01_MONIBAS_0160vwx0193ra\"": 4479.8323923520575}"""
no_incident_camera_baseRWS01_MONIBAS_0160vwx0193ra_2020-03-09 02:07:17,2020-03-09 02:07:17,"""{\""RWS01_MONICA_10D01002C80DB8200007\"": 3000.0, \""RWS01_MONIBAS_0160vwx0182ra\"": 2597.4369906834327, \""RWS01_MONIBAS_0160vwx0202ra\"": 708.9565462636865, \""RWS01_MONICA_10D010033400B8200007\"": 407.44839244929426}""","""{\""GEO0B_R_RWSTI357698\"": 3286.9124078062237, \""RWS01_MONIBAS_0160vwx0185ra\"": 3708.529498930472, \""RWS01_MONICA_10D01002F400B8200007\"": 4067.6650940191294, \""RWS01_MONIBAS_0160vwx0193ra\"": 4479.8323923520575}"""
no_incident_camera_baseRWS01_MONIBAS_0160vwx0193ra_2020-03-02 05:29:33,2020-03-02 05:29:33,"""{\""RWS01_MONICA_10D01002C80DB8200007\"": 3000.0, \""RWS01_MONIBAS_0160vwx0182ra\"": 2597.4369906834327, \""RWS01_MONIBAS_0160vwx0202ra\"": 708.9565462636865, \""RWS01_MONICA_10D010033400B8200007\"": 407.44839244929426}""","""{\""GEO0B_R_RWSTI357698\"": 3286.9124078062237, \""RWS01_MONIBAS_0160vwx0185ra\"": 3708.529498930472, \""RWS01_MONICA_10D01002F400B8200007\"": 4067.6650940191294, \""RWS01_MONIBAS_0160vwx0193ra\"": 4479.8323923520575}"""
no_incident_camera_baseRWS01_MONIBAS_0160vwx0193ra_2020-03-01 00:31:50,2020-03-01 00:31:50,"""{\""RWS01_MONICA_10D01002C80DB8200007\"": 3000.0, \""RWS01_MONIBAS_0160vwx0182ra\"": 2597.4369906834327, \""RWS01_MONIBAS_0160vwx0202ra\"": 708.9565462636865, \""RWS01_MONICA_10D010033400B8200007\"": 407.44839244929426}""","""{\""GEO0B_R_RWSTI357698\"": 3286.9124078062237, \""RWS01_MONIBAS_0160vwx0185ra\"": 3708.529498930472, \""RWS01_MONICA_10D01002F400B8200007\"": 4067.6650940191294, \""RWS01_MONIBAS_0160vwx0193ra\"": 4479.8323923520575}"""
no_incident_camera_baseRWS01_MONIBAS_0160vwx0193ra_2020-03-17 08:06:06,2020-03-17 08:06:06,"""{\""RWS01_MONICA_10D01002C80DB8200007\"": 3000.0, \""RWS01_MONIBAS_0160vwx0182ra\"": 2597.4369906834327, \""RWS01_MONIBAS_0160vwx0202ra\"": 708.9565462636865, \""RWS01_MONICA_10D010033400B8200007\"": 407.44839244929426}""","""{\""GEO0B_R_RWSTI357698\"": 3286.9124078062237, \""RWS01_MONIBAS_0160vwx0185ra\"": 3708.529498930472, \""RWS01_MONICA_10D01002F400B8200007\"": 4067.6650940191294, \""RWS01_MONIBAS_0160vwx0193ra\"": 4479.8323923520575}"""
no_incident_camera_baseRWS01_MONIBAS_0160vwx0193ra_2020-03-18 04:22:12,2020-03-18 04:22:12,"""{\""RWS01_MONICA_10D01002C80DB8200007\"": 3000.0, \""RWS01_MONIBAS_0160vwx0182ra\"": 2597.4369906834327, \""RWS01_MONIBAS_0160vwx0202ra\"": 708.9565462636865, \""RWS01_MONICA_10D010033400B8200007\"": 407.44839244929426}""","""{\""GEO0B_R_RWSTI357698\"": 3286.9124078062237, \""RWS01_MONIBAS_0160vwx0185ra\"": 3708.529498930472, \""RWS01_MONICA_10D01002F400B8200007\"": 4067.6650940191294, \""RWS01_MONIBAS_0160vwx0193ra\"": 4479.8323923520575}"""
no_incident_camera_baseRWS01_MONIBAS_0160vwx0193ra_2020-03-15 19:05:09,2020-03-15 19:05:09,"""{\""RWS01_MONICA_10D01002C80DB8200007\"": 3000.0, \""RWS01_MONIBAS_0160vwx0182ra\"": 2597.4369906834327, \""RWS01_MONIBAS_0160vwx0202ra\"": 708.9565462636865, \""RWS01_MONICA_10D010033400B8200007\"": 407.44839244929426}""","""{\""GEO0B_R_RWSTI357698\"": 3286.9124078062237, \""RWS01_MONIBAS_0160vwx0185ra\"": 3708.529498930472, \""RWS01_MONICA_10D01002F400B8200007\"": 4067.6650940191294, \""RWS01_MONIBAS_0160vwx0193ra\"": 4479.8323923520575}"""
no_incident_camera_baseRWS01_MONIBAS_0160vwx0193ra_2020-03-03 18:55:27,2020-03-03 18:55:27,"""{\""RWS01_MONICA_10D01002C80DB8200007\"": 3000.0, \""RWS01_MONIBAS_0160vwx0182ra\"": 2597.4369906834327, \""RWS01_MONIBAS_0160vwx0202ra\"": 708.9565462636865, \""RWS01_MONICA_10D010033400B8200007\"": 407.44839244929426}""","""{\""GEO0B_R_RWSTI357698\"": 3286.9124078062237, \""RWS01_MONIBAS_0160vwx0185ra\"": 3708.529498930472, \""RWS01_MONICA_10D01002F400B8200007\"": 4067.6650940191294, \""RWS01_MONIBAS_0160vwx0193ra\"": 4479.8323923520575}"""
no_incident_camera_baseRWS01_MONIBAS_0160vwx0193ra_2020-03-15 06:59:11,2020-03-15 06:59:11,"""{\""RWS01_MONICA_10D01002C80DB8200007\"": 3000.0, \""RWS01_MONIBAS_0160vwx0182ra\"": 2597.4369906834327, \""RWS01_MONIBAS_0160vwx0202ra\"": 708.9565462636865, \""RWS01_MONICA_10D010033400B8200007\"": 407.44839244929426}""","""{\""GEO0B_R_RWSTI357698\"": 3286.9124078062237, \""RWS01_MONIBAS_0160vwx0185ra\"": 3708.529498930472, \""RWS01_MONICA_10D01002F400B8200007\"": 4067.6650940191294, \""RWS01_MONIBAS_0160vwx0193ra\"": 4479.8323923520575}"""
no_incident_camera_baseRWS01_MONIBAS_0160vwx0193ra_2020-03-05 02:22:51,2020-03-05 02:22:51,"""{\""RWS01_MONICA_10D01002C80DB8200007\"": 3000.0, \""RWS01_MONIBAS_0160vwx0182ra\"": 2597.4369906834327, \""RWS01_MONIBAS_0160vwx0202ra\"": 708.9565462636865, \""RWS01_MONICA_10D010033400B8200007\"": 407.44839244929426}""","""{\""GEO0B_R_RWSTI357698\"": 3286.9124078062237, \""RWS01_MONIBAS_0160vwx0185ra\"": 3708.529498930472, \""RWS01_MONICA_10D01002F400B8200007\"": 4067.6650940191294, \""RWS01_MONIBAS_0160vwx0193ra\"": 4479.8323923520575}"""
no_incident_camera_baseRWS01_MONIBAS_0150vws0507ra_2020-03-02 04:46:32,2020-03-02 04:46:32,"""{\""RWS01_MONICA_10D0040B680668200005\"": 3000.0, \""RWS01_MONIBAS_0040vwn0728ra\"": 2876.5475929801537, \""RWS01_MONICA_10D0040B403D68200005\"": 2069.223161846097, \""RWS01_MONIBAS_0040vwn0723ra\"": 1755.6347090412992, \""RWS01_MONICA_10D0040B5C2468200005\"": 1402.9759157686697, \""RWS01_MONICA_10D0040B545B68200005\"": 1259.4294929340037, \""RWS01_MONIBAS_0040vwn0717ra\"": 450.96131796663485, \""RWS01_MONIBAS_0040vwn0713ra\"": 55.52589440530437}""","""{\""RWS01_MONICA_10D0040B6C3868200005\"": 3148.66096323054, \""RWS01_MONICA_10D0040B705468200005\"": 3275.8469075024036, \""RWS01_MONIBAS_0040vwn0734ra\"": 3404.6322596230984, \""RWS01_MONICA_10D0040B7C2C68200005\"": 3534.3675220220216, \""RWS01_MONICA_10D0040B842E68200005\"": 3734.8717210627665, \""RWS01_MONIBAS_0040vwn0739ra\"": 3940.290195326881, \""RWS01_MONICA_10D0040B980468200005\"": 4189.202417929447, \""RWS01_MONIBAS_0041hrl0744ra\"": 4388.64331975514, \""RWS01_MONIBAS_0041hrl0747ra\"": 4719.79464812341, \""RWS01_MONIBAS_0041hrl0751ra\"": 5086.038027674775, \""RWS01_MONIBAS_0040vwe0763ra\"": 5462.9937132713885, \""RWS01_MONIBAS_0041hrl0754ra\"": 5482.86949298971, \""RWS01_MONIBAS_0150vws0507ra\"": 5993.323397221873}"""
no_incident_camera_baseRWS01_MONIBAS_0150vws0507ra_2020-03-08 11:30:14,2020-03-08 11:30:14,"""{\""RWS01_MONICA_10D0040B680668200005\"": 3000.0, \""RWS01_MONIBAS_0040vwn0728ra\"": 2876.5475929801537, \""RWS01_MONICA_10D0040B403D68200005\"": 2069.223161846097, \""RWS01_MONIBAS_0040vwn0723ra\"": 1755.6347090412992, \""RWS01_MONICA_10D0040B5C2468200005\"": 1402.9759157686697, \""RWS01_MONICA_10D0040B545B68200005\"": 1259.4294929340037, \""RWS01_MONIBAS_0040vwn0717ra\"": 450.96131796663485, \""RWS01_MONIBAS_0040vwn0713ra\"": 55.52589440530437}""","""{\""RWS01_MONICA_10D0040B6C3868200005\"": 3148.66096323054, \""RWS01_MONICA_10D0040B705468200005\"": 3275.8469075024036, \""RWS01_MONIBAS_0040vwn0734ra\"": 3404.6322596230984, \""RWS01_MONICA_10D0040B7C2C68200005\"": 3534.3675220220216, \""RWS01_MONICA_10D0040B842E68200005\"": 3734.8717210627665, \""RWS01_MONIBAS_0040vwn0739ra\"": 3940.290195326881, \""RWS01_MONICA_10D0040B980468200005\"": 4189.202417929447, \""RWS01_MONIBAS_0041hrl0744ra\"": 4388.64331975514, \""RWS01_MONIBAS_0041hrl0747ra\"": 4719.79464812341, \""RWS01_MONIBAS_0041hrl0751ra\"": 5086.038027674775, \""RWS01_MONIBAS_0040vwe0763ra\"": 5462.9937132713885, \""RWS01_MONIBAS_0041hrl0754ra\"": 5482.86949298971, \""RWS01_MONIBAS_0150vws0507ra\"": 5993.323397221873}"""
no_incident_camera_baseRWS01_MONIBAS_0150vws0507ra_2020-03-14 19:34:48,2020-03-14 19:34:48,"""{\""RWS01_MONICA_10D0040B680668200005\"": 3000.0, \""RWS01_MONIBAS_0040vwn0728ra\"": 2876.5475929801537, \""RWS01_MONICA_10D0040B403D68200005\"": 2069.223161846097, \""RWS01_MONIBAS_0040vwn0723ra\"": 1755.6347090412992, \""RWS01_MONICA_10D0040B5C2468200005\"": 1402.9759157686697, \""RWS01_MONICA_10D0040B545B68200005\"": 1259.4294929340037, \""RWS01_MONIBAS_0040vwn0717ra\"": 450.96131796663485, \""RWS01_MONIBAS_0040vwn0713ra\"": 55.52589440530437}""","""{\""RWS01_MONICA_10D0040B6C3868200005\"": 3148.66096323054, \""RWS01_MONICA_10D0040B705468200005\"": 3275.8469075024036, \""RWS01_MONIBAS_0040vwn0734ra\"": 3404.6322596230984, \""RWS01_MONICA_10D0040B7C2C68200005\"": 3534.3675220220216, \""RWS01_MONICA_10D0040B842E68200005\"": 3734.8717210627665, \""RWS01_MONIBAS_0040vwn0739ra\"": 3940.290195326881, \""RWS01_MONICA_10D0040B980468200005\"": 4189.202417929447, \""RWS01_MONIBAS_0041hrl0744ra\"": 4388.64331975514, \""RWS01_MONIBAS_0041hrl0747ra\"": 4719.79464812341, \""RWS01_MONIBAS_0041hrl0751ra\"": 5086.038027674775, \""RWS01_MONIBAS_0040vwe0763ra\"": 5462.9937132713885, \""RWS01_MONIBAS_0041hrl0754ra\"": 5482.86949298971, \""RWS01_MONIBAS_0150vws0507ra\"": 5993.323397221873}"""
no_incident_camera_baseRWS01_MONIBAS_0150vws0507ra_2020-03-10 05:24:56,2020-03-10 05:24:56,"""{\""RWS01_MONICA_10D0040B680668200005\"": 3000.0, \""RWS01_MONIBAS_0040vwn0728ra\"": 2876.5475929801537, \""RWS01_MONICA_10D0040B403D68200005\"": 2069.223161846097, \""RWS01_MONIBAS_0040vwn0723ra\"": 1755.6347090412992, \""RWS01_MONICA_10D0040B5C2468200005\"": 1402.9759157686697, \""RWS01_MONICA_10D0040B545B68200005\"": 1259.4294929340037, \""RWS01_MONIBAS_0040vwn0717ra\"": 450.96131796663485, \""RWS01_MONIBAS_0040vwn0713ra\"": 55.52589440530437}""","""{\""RWS01_MONICA_10D0040B6C3868200005\"": 3148.66096323054, \""RWS01_MONICA_10D0040B705468200005\"": 3275.8469075024036, \""RWS01_MONIBAS_0040vwn0734ra\"": 3404.6322596230984, \""RWS01_MONICA_10D0040B7C2C68200005\"": 3534.3675220220216, \""RWS01_MONICA_10D0040B842E68200005\"": 3734.8717210627665, \""RWS01_MONIBAS_0040vwn0739ra\"": 3940.290195326881, \""RWS01_MONICA_10D0040B980468200005\"": 4189.202417929447, \""RWS01_MONIBAS_0041hrl0744ra\"": 4388.64331975514, \""RWS01_MONIBAS_0041hrl0747ra\"": 4719.79464812341, \""RWS01_MONIBAS_0041hrl0751ra\"": 5086.038027674775, \""RWS01_MONIBAS_0040vwe0763ra\"": 5462.9937132713885, \""RWS01_MONIBAS_0041hrl0754ra\"": 5482.86949298971, \""RWS01_MONIBAS_0150vws0507ra\"": 5993.323397221873}"""
no_incident_camera_baseRWS01_MONIBAS_0150vws0507ra_2020-03-24 02:17:59,2020-03-24 02:17:59,"""{\""RWS01_MONICA_10D0040B680668200005\"": 3000.0, \""RWS01_MONIBAS_0040vwn0728ra\"": 2876.5475929801537, \""RWS01_MONICA_10D0040B403D68200005\"": 2069.223161846097, \""RWS01_MONIBAS_0040vwn0723ra\"": 1755.6347090412992, \""RWS01_MONICA_10D0040B5C2468200005\"": 1402.9759157686697, \""RWS01_MONICA_10D0040B545B68200005\"": 1259.4294929340037, \""RWS01_MONIBAS_0040vwn0717ra\"": 450.96131796663485, \""RWS01_MONIBAS_0040vwn0713ra\"": 55.52589440530437}""","""{\""RWS01_MONICA_10D0040B6C3868200005\"": 3148.66096323054, \""RWS01_MONICA_10D0040B705468200005\"": 3275.8469075024036, \""RWS01_MONIBAS_0040vwn0734ra\"": 3404.6322596230984, \""RWS01_MONICA_10D0040B7C2C68200005\"": 3534.3675220220216, \""RWS01_MONICA_10D0040B842E68200005\"": 3734.8717210627665, \""RWS01_MONIBAS_0040vwn0739ra\"": 3940.290195326881, \""RWS01_MONICA_10D0040B980468200005\"": 4189.202417929447, \""RWS01_MONIBAS_0041hrl0744ra\"": 4388.64331975514, \""RWS01_MONIBAS_0041hrl0747ra\"": 4719.79464812341, \""RWS01_MONIBAS_0041hrl0751ra\"": 5086.038027674775, \""RWS01_MONIBAS_0040vwe0763ra\"": 5462.9937132713885, \""RWS01_MONIBAS_0041hrl0754ra\"": 5482.86949298971, \""RWS01_MONIBAS_0150vws0507ra\"": 5993.323397221873}"""
no_incident_camera_baseRWS01_MONIBAS_0150vws0507ra_2020-03-24 00:08:14,2020-03-24 00:08:14,"""{\""RWS01_MONICA_10D0040B680668200005\"": 3000.0, \""RWS01_MONIBAS_0040vwn0728ra\"": 2876.5475929801537, \""RWS01_MONICA_10D0040B403D68200005\"": 2069.223161846097, \""RWS01_MONIBAS_0040vwn0723ra\"": 1755.6347090412992, \""RWS01_MONICA_10D0040B5C2468200005\"": 1402.9759157686697, \""RWS01_MONICA_10D0040B545B68200005\"": 1259.4294929340037, \""RWS01_MONIBAS_0040vwn0717ra\"": 450.96131796663485, \""RWS01_MONIBAS_0040vwn0713ra\"": 55.52589440530437}""","""{\""RWS01_MONICA_10D0040B6C3868200005\"": 3148.66096323054, \""RWS01_MONICA_10D0040B705468200005\"": 3275.8469075024036, \""RWS01_MONIBAS_0040vwn0734ra\"": 3404.6322596230984, \""RWS01_MONICA_10D0040B7C2C68200005\"": 3534.3675220220216, \""RWS01_MONICA_10D0040B842E68200005\"": 3734.8717210627665, \""RWS01_MONIBAS_0040vwn0739ra\"": 3940.290195326881, \""RWS01_MONICA_10D0040B980468200005\"": 4189.202417929447, \""RWS01_MONIBAS_0041hrl0744ra\"": 4388.64331975514, \""RWS01_MONIBAS_0041hrl0747ra\"": 4719.79464812341, \""RWS01_MONIBAS_0041hrl0751ra\"": 5086.038027674775, \""RWS01_MONIBAS_0040vwe0763ra\"": 5462.9937132713885, \""RWS01_MONIBAS_0041hrl0754ra\"": 5482.86949298971, \""RWS01_MONIBAS_0150vws0507ra\"": 5993.323397221873}"""
no_incident_camera_baseRWS01_MONIBAS_0150vws0507ra_2020-03-24 17:46:18,2020-03-24 17:46:18,"""{\""RWS01_MONICA_10D0040B680668200005\"": 3000.0, \""RWS01_MONIBAS_0040vwn0728ra\"": 2876.5475929801537, \""RWS01_MONICA_10D0040B403D68200005\"": 2069.223161846097, \""RWS01_MONIBAS_0040vwn0723ra\"": 1755.6347090412992, \""RWS01_MONICA_10D0040B5C2468200005\"": 1402.9759157686697, \""RWS01_MONICA_10D0040B545B68200005\"": 1259.4294929340037, \""RWS01_MONIBAS_0040vwn0717ra\"": 450.96131796663485, \""RWS01_MONIBAS_0040vwn0713ra\"": 55.52589440530437}""","""{\""RWS01_MONICA_10D0040B6C3868200005\"": 3148.66096323054, \""RWS01_MONICA_10D0040B705468200005\"": 3275.8469075024036, \""RWS01_MONIBAS_0040vwn0734ra\"": 3404.6322596230984, \""RWS01_MONICA_10D0040B7C2C68200005\"": 3534.3675220220216, \""RWS01_MONICA_10D0040B842E68200005\"": 3734.8717210627665, \""RWS01_MONIBAS_0040vwn0739ra\"": 3940.290195326881, \""RWS01_MONICA_10D0040B980468200005\"": 4189.202417929447, \""RWS01_MONIBAS_0041hrl0744ra\"": 4388.64331975514, \""RWS01_MONIBAS_0041hrl0747ra\"": 4719.79464812341, \""RWS01_MONIBAS_0041hrl0751ra\"": 5086.038027674775, \""RWS01_MONIBAS_0040vwe0763ra\"": 5462.9937132713885, \""RWS01_MONIBAS_0041hrl0754ra\"": 5482.86949298971, \""RWS01_MONIBAS_0150vws0507ra\"": 5993.323397221873}"""
no_incident_camera_baseRWS01_MONIBAS_0150vws0507ra_2020-03-26 00:09:52,2020-03-26 00:09:52,"""{\""RWS01_MONICA_10D0040B680668200005\"": 3000.0, \""RWS01_MONIBAS_0040vwn0728ra\"": 2876.5475929801537, \""RWS01_MONICA_10D0040B403D68200005\"": 2069.223161846097, \""RWS01_MONIBAS_0040vwn0723ra\"": 1755.6347090412992, \""RWS01_MONICA_10D0040B5C2468200005\"": 1402.9759157686697, \""RWS01_MONICA_10D0040B545B68200005\"": 1259.4294929340037, \""RWS01_MONIBAS_0040vwn0717ra\"": 450.96131796663485, \""RWS01_MONIBAS_0040vwn0713ra\"": 55.52589440530437}""","""{\""RWS01_MONICA_10D0040B6C3868200005\"": 3148.66096323054, \""RWS01_MONICA_10D0040B705468200005\"": 3275.8469075024036, \""RWS01_MONIBAS_0040vwn0734ra\"": 3404.6322596230984, \""RWS01_MONICA_10D0040B7C2C68200005\"": 3534.3675220220216, \""RWS01_MONICA_10D0040B842E68200005\"": 3734.8717210627665, \""RWS01_MONIBAS_0040vwn0739ra\"": 3940.290195326881, \""RWS01_MONICA_10D0040B980468200005\"": 4189.202417929447, \""RWS01_MONIBAS_0041hrl0744ra\"": 4388.64331975514, \""RWS01_MONIBAS_0041hrl0747ra\"": 4719.79464812341, \""RWS01_MONIBAS_0041hrl0751ra\"": 5086.038027674775, \""RWS01_MONIBAS_0040vwe0763ra\"": 5462.9937132713885, \""RWS01_MONIBAS_0041hrl0754ra\"": 5482.86949298971, \""RWS01_MONIBAS_0150vws0507ra\"": 5993.323397221873}"""
no_incident_camera_baseRWS01_MONIBAS_0150vws0507ra_2020-03-22 05:27:31,2020-03-22 05:27:31,"""{\""RWS01_MONICA_10D0040B680668200005\"": 3000.0, \""RWS01_MONIBAS_0040vwn0728ra\"": 2876.5475929801537, \""RWS01_MONICA_10D0040B403D68200005\"": 2069.223161846097, \""RWS01_MONIBAS_0040vwn0723ra\"": 1755.6347090412992, \""RWS01_MONICA_10D0040B5C2468200005\"": 1402.9759157686697, \""RWS01_MONICA_10D0040B545B68200005\"": 1259.4294929340037, \""RWS01_MONIBAS_0040vwn0717ra\"": 450.96131796663485, \""RWS01_MONIBAS_0040vwn0713ra\"": 55.52589440530437}""","""{\""RWS01_MONICA_10D0040B6C3868200005\"": 3148.66096323054, \""RWS01_MONICA_10D0040B705468200005\"": 3275.8469075024036, \""RWS01_MONIBAS_0040vwn0734ra\"": 3404.6322596230984, \""RWS01_MONICA_10D0040B7C2C68200005\"": 3534.3675220220216, \""RWS01_MONICA_10D0040B842E68200005\"": 3734.8717210627665, \""RWS01_MONIBAS_0040vwn0739ra\"": 3940.290195326881, \""RWS01_MONICA_10D0040B980468200005\"": 4189.202417929447, \""RWS01_MONIBAS_0041hrl0744ra\"": 4388.64331975514, \""RWS01_MONIBAS_0041hrl0747ra\"": 4719.79464812341, \""RWS01_MONIBAS_0041hrl0751ra\"": 5086.038027674775, \""RWS01_MONIBAS_0040vwe0763ra\"": 5462.9937132713885, \""RWS01_MONIBAS_0041hrl0754ra\"": 5482.86949298971, \""RWS01_MONIBAS_0150vws0507ra\"": 5993.323397221873}"""
no_incident_camera_baseRWS01_MONIBAS_0150vws0507ra_2020-03-07 16:47:11,2020-03-07 16:47:11,"""{\""RWS01_MONICA_10D0040B680668200005\"": 3000.0, \""RWS01_MONIBAS_0040vwn0728ra\"": 2876.5475929801537, \""RWS01_MONICA_10D0040B403D68200005\"": 2069.223161846097, \""RWS01_MONIBAS_0040vwn0723ra\"": 1755.6347090412992, \""RWS01_MONICA_10D0040B5C2468200005\"": 1402.9759157686697, \""RWS01_MONICA_10D0040B545B68200005\"": 1259.4294929340037, \""RWS01_MONIBAS_0040vwn0717ra\"": 450.96131796663485, \""RWS01_MONIBAS_0040vwn0713ra\"": 55.52589440530437}""","""{\""RWS01_MONICA_10D0040B6C3868200005\"": 3148.66096323054, \""RWS01_MONICA_10D0040B705468200005\"": 3275.8469075024036, \""RWS01_MONIBAS_0040vwn0734ra\"": 3404.6322596230984, \""RWS01_MONICA_10D0040B7C2C68200005\"": 3534.3675220220216, \""RWS01_MONICA_10D0040B842E68200005\"": 3734.8717210627665, \""RWS01_MONIBAS_0040vwn0739ra\"": 3940.290195326881, \""RWS01_MONICA_10D0040B980468200005\"": 4189.202417929447, \""RWS01_MONIBAS_0041hrl0744ra\"": 4388.64331975514, \""RWS01_MONIBAS_0041hrl0747ra\"": 4719.79464812341, \""RWS01_MONIBAS_0041hrl0751ra\"": 5086.038027674775, \""RWS01_MONIBAS_0040vwe0763ra\"": 5462.9937132713885, \""RWS01_MONIBAS_0041hrl0754ra\"": 5482.86949298971, \""RWS01_MONIBAS_0150vws0507ra\"": 5993.323397221873}"""
no_incident_camera_baseRWS01_MONIBAS_0150vws0507ra_2020-03-23 19:30:31,2020-03-23 19:30:31,"""{\""RWS01_MONICA_10D0040B7C2C68200005\"": 3000.0, \""RWS01_MONIBAS_0040vwn0734ra\"": 2870.264737601077, \""RWS01_MONICA_10D0040B705468200005\"": 2741.479385480382, \""RWS01_MONICA_10D0040B6C3868200005\"": 2614.2934412085187, \""RWS01_MONICA_10D0040B680668200005\"": 2465.6324779779784, \""RWS01_MONIBAS_0040vwn0728ra\"": 2342.180070958132, \""RWS01_MONICA_10D0040B403D68200005\"": 1534.8556398240753, \""RWS01_MONIBAS_0040vwn0723ra\"": 1221.2671870192776, \""RWS01_MONICA_10D0040B5C2468200005\"": 868.6083937466483, \""RWS01_MONICA_10D0040B545B68200005\"": 725.0619709119824}""","""{\""RWS01_MONICA_10D0040B842E68200005\"": 3200.5041990407453, \""RWS01_MONIBAS_0040vwn0739ra\"": 3405.9226733048595, \""RWS01_MONICA_10D0040B980468200005\"": 3654.834895907425, \""RWS01_MONIBAS_0041hrl0744ra\"": 3854.2757977331175, \""RWS01_MONIBAS_0041hrl0747ra\"": 4185.427126101389, \""RWS01_MONIBAS_0041hrl0751ra\"": 4551.6705056527535, \""RWS01_MONIBAS_0040vwe0763ra\"": 4928.6261912493665, \""RWS01_MONIBAS_0041hrl0754ra\"": 4948.501970967689, \""RWS01_MONIBAS_0150vws0507ra\"": 5458.955875199852}"""
no_incident_camera_baseRWS01_MONIBAS_0150vws0507ra_2020-03-07 00:03:57,2020-03-07 00:03:57,"""{\""RWS01_MONICA_10D0040B7C2C68200005\"": 3000.0, \""RWS01_MONIBAS_0040vwn0734ra\"": 2870.264737601077, \""RWS01_MONICA_10D0040B705468200005\"": 2741.479385480382, \""RWS01_MONICA_10D0040B6C3868200005\"": 2614.2934412085187, \""RWS01_MONICA_10D0040B680668200005\"": 2465.6324779779784, \""RWS01_MONIBAS_0040vwn0728ra\"": 2342.180070958132, \""RWS01_MONICA_10D0040B403D68200005\"": 1534.8556398240753, \""RWS01_MONIBAS_0040vwn0723ra\"": 1221.2671870192776, \""RWS01_MONICA_10D0040B5C2468200005\"": 868.6083937466483, \""RWS01_MONICA_10D0040B545B68200005\"": 725.0619709119824}""","""{\""RWS01_MONICA_10D0040B842E68200005\"": 3200.5041990407453, \""RWS01_MONIBAS_0040vwn0739ra\"": 3405.9226733048595, \""RWS01_MONICA_10D0040B980468200005\"": 3654.834895907425, \""RWS01_MONIBAS_0041hrl0744ra\"": 3854.2757977331175, \""RWS01_MONIBAS_0041hrl0747ra\"": 4185.427126101389, \""RWS01_MONIBAS_0041hrl0751ra\"": 4551.6705056527535, \""RWS01_MONIBAS_0040vwe0763ra\"": 4928.6261912493665, \""RWS01_MONIBAS_0041hrl0754ra\"": 4948.501970967689, \""RWS01_MONIBAS_0150vws0507ra\"": 5458.955875199852}"""
no_incident_camera_baseRWS01_MONIBAS_0150vws0507ra_2020-03-10 19:44:02,2020-03-10 19:44:02,"""{\""RWS01_MONICA_10D0040B7C2C68200005\"": 3000.0, \""RWS01_MONIBAS_0040vwn0734ra\"": 2870.264737601077, \""RWS01_MONICA_10D0040B705468200005\"": 2741.479385480382, \""RWS01_MONICA_10D0040B6C3868200005\"": 2614.2934412085187, \""RWS01_MONICA_10D0040B680668200005\"": 2465.6324779779784, \""RWS01_MONIBAS_0040vwn0728ra\"": 2342.180070958132, \""RWS01_MONICA_10D0040B403D68200005\"": 1534.8556398240753, \""RWS01_MONIBAS_0040vwn0723ra\"": 1221.2671870192776, \""RWS01_MONICA_10D0040B5C2468200005\"": 868.6083937466483, \""RWS01_MONICA_10D0040B545B68200005\"": 725.0619709119824}""","""{\""RWS01_MONICA_10D0040B842E68200005\"": 3200.5041990407453, \""RWS01_MONIBAS_0040vwn0739ra\"": 3405.9226733048595, \""RWS01_MONICA_10D0040B980468200005\"": 3654.834895907425, \""RWS01_MONIBAS_0041hrl0744ra\"": 3854.2757977331175, \""RWS01_MONIBAS_0041hrl0747ra\"": 4185.427126101389, \""RWS01_MONIBAS_0041hrl0751ra\"": 4551.6705056527535, \""RWS01_MONIBAS_0040vwe0763ra\"": 4928.6261912493665, \""RWS01_MONIBAS_0041hrl0754ra\"": 4948.501970967689, \""RWS01_MONIBAS_0150vws0507ra\"": 5458.955875199852}"""
no_incident_camera_baseRWS01_MONIBAS_0150vws0507ra_2020-03-09 02:53:34,2020-03-09 02:53:34,"""{\""RWS01_MONICA_10D0040B7C2C68200005\"": 3000.0, \""RWS01_MONIBAS_0040vwn0734ra\"": 2870.264737601077, \""RWS01_MONICA_10D0040B705468200005\"": 2741.479385480382, \""RWS01_MONICA_10D0040B6C3868200005\"": 2614.2934412085187, \""RWS01_MONICA_10D0040B680668200005\"": 2465.6324779779784, \""RWS01_MONIBAS_0040vwn0728ra\"": 2342.180070958132, \""RWS01_MONICA_10D0040B403D68200005\"": 1534.8556398240753, \""RWS01_MONIBAS_0040vwn0723ra\"": 1221.2671870192776, \""RWS01_MONICA_10D0040B5C2468200005\"": 868.6083937466483, \""RWS01_MONICA_10D0040B545B68200005\"": 725.0619709119824}""","""{\""RWS01_MONICA_10D0040B842E68200005\"": 3200.5041990407453, \""RWS01_MONIBAS_0040vwn0739ra\"": 3405.9226733048595, \""RWS01_MONICA_10D0040B980468200005\"": 3654.834895907425, \""RWS01_MONIBAS_0041hrl0744ra\"": 3854.2757977331175, \""RWS01_MONIBAS_0041hrl0747ra\"": 4185.427126101389, \""RWS01_MONIBAS_0041hrl0751ra\"": 4551.6705056527535, \""RWS01_MONIBAS_0040vwe0763ra\"": 4928.6261912493665, \""RWS01_MONIBAS_0041hrl0754ra\"": 4948.501970967689, \""RWS01_MONIBAS_0150vws0507ra\"": 5458.955875199852}"""
no_incident_camera_baseRWS01_MONIBAS_0150vws0507ra_2020-03-27 07:29:11,2020-03-27 07:29:11,"""{\""RWS01_MONICA_10D0040B7C2C68200005\"": 3000.0, \""RWS01_MONIBAS_0040vwn0734ra\"": 2870.264737601077, \""RWS01_MONICA_10D0040B705468200005\"": 2741.479385480382, \""RWS01_MONICA_10D0040B6C3868200005\"": 2614.2934412085187, \""RWS01_MONICA_10D0040B680668200005\"": 2465.6324779779784, \""RWS01_MONIBAS_0040vwn0728ra\"": 2342.180070958132, \""RWS01_MONICA_10D0040B403D68200005\"": 1534.8556398240753, \""RWS01_MONIBAS_0040vwn0723ra\"": 1221.2671870192776, \""RWS01_MONICA_10D0040B5C2468200005\"": 868.6083937466483, \""RWS01_MONICA_10D0040B545B68200005\"": 725.0619709119824}""","""{\""RWS01_MONICA_10D0040B842E68200005\"": 3200.5041990407453, \""RWS01_MONIBAS_0040vwn0739ra\"": 3405.9226733048595, \""RWS01_MONICA_10D0040B980468200005\"": 3654.834895907425, \""RWS01_MONIBAS_0041hrl0744ra\"": 3854.2757977331175, \""RWS01_MONIBAS_0041hrl0747ra\"": 4185.427126101389, \""RWS01_MONIBAS_0041hrl0751ra\"": 4551.6705056527535, \""RWS01_MONIBAS_0040vwe0763ra\"": 4928.6261912493665, \""RWS01_MONIBAS_0041hrl0754ra\"": 4948.501970967689, \""RWS01_MONIBAS_0150vws0507ra\"": 5458.955875199852}"""
no_incident_camera_baseRWS01_MONIBAS_0150vws0507ra_2020-03-05 03:02:51,2020-03-05 03:02:51,"""{\""RWS01_MONICA_10D0040B7C2C68200005\"": 3000.0, \""RWS01_MONIBAS_0040vwn0734ra\"": 2870.264737601077, \""RWS01_MONICA_10D0040B705468200005\"": 2741.479385480382, \""RWS01_MONICA_10D0040B6C3868200005\"": 2614.2934412085187, \""RWS01_MONICA_10D0040B680668200005\"": 2465.6324779779784, \""RWS01_MONIBAS_0040vwn0728ra\"": 2342.180070958132, \""RWS01_MONICA_10D0040B403D68200005\"": 1534.8556398240753, \""RWS01_MONIBAS_0040vwn0723ra\"": 1221.2671870192776, \""RWS01_MONICA_10D0040B5C2468200005\"": 868.6083937466483, \""RWS01_MONICA_10D0040B545B68200005\"": 725.0619709119824}""","""{\""RWS01_MONICA_10D0040B842E68200005\"": 3200.5041990407453, \""RWS01_MONIBAS_0040vwn0739ra\"": 3405.9226733048595, \""RWS01_MONICA_10D0040B980468200005\"": 3654.834895907425, \""RWS01_MONIBAS_0041hrl0744ra\"": 3854.2757977331175, \""RWS01_MONIBAS_0041hrl0747ra\"": 4185.427126101389, \""RWS01_MONIBAS_0041hrl0751ra\"": 4551.6705056527535, \""RWS01_MONIBAS_0040vwe0763ra\"": 4928.6261912493665, \""RWS01_MONIBAS_0041hrl0754ra\"": 4948.501970967689, \""RWS01_MONIBAS_0150vws0507ra\"": 5458.955875199852}"""
no_incident_camera_baseRWS01_MONIBAS_0150vws0507ra_2020-03-09 03:18:23,2020-03-09 03:18:23,"""{\""RWS01_MONICA_10D0040B7C2C68200005\"": 3000.0, \""RWS01_MONIBAS_0040vwn0734ra\"": 2870.264737601077, \""RWS01_MONICA_10D0040B705468200005\"": 2741.479385480382, \""RWS01_MONICA_10D0040B6C3868200005\"": 2614.2934412085187, \""RWS01_MONICA_10D0040B680668200005\"": 2465.6324779779784, \""RWS01_MONIBAS_0040vwn0728ra\"": 2342.180070958132, \""RWS01_MONICA_10D0040B403D68200005\"": 1534.8556398240753, \""RWS01_MONIBAS_0040vwn0723ra\"": 1221.2671870192776, \""RWS01_MONICA_10D0040B5C2468200005\"": 868.6083937466483, \""RWS01_MONICA_10D0040B545B68200005\"": 725.0619709119824}""","""{\""RWS01_MONICA_10D0040B842E68200005\"": 3200.5041990407453, \""RWS01_MONIBAS_0040vwn0739ra\"": 3405.9226733048595, \""RWS01_MONICA_10D0040B980468200005\"": 3654.834895907425, \""RWS01_MONIBAS_0041hrl0744ra\"": 3854.2757977331175, \""RWS01_MONIBAS_0041hrl0747ra\"": 4185.427126101389, \""RWS01_MONIBAS_0041hrl0751ra\"": 4551.6705056527535, \""RWS01_MONIBAS_0040vwe0763ra\"": 4928.6261912493665, \""RWS01_MONIBAS_0041hrl0754ra\"": 4948.501970967689, \""RWS01_MONIBAS_0150vws0507ra\"": 5458.955875199852}"""
no_incident_camera_baseRWS01_MONIBAS_0150vws0507ra_2020-03-21 11:16:51,2020-03-21 11:16:51,"""{\""RWS01_MONICA_10D0040B7C2C68200005\"": 3000.0, \""RWS01_MONIBAS_0040vwn0734ra\"": 2870.264737601077, \""RWS01_MONICA_10D0040B705468200005\"": 2741.479385480382, \""RWS01_MONICA_10D0040B6C3868200005\"": 2614.2934412085187, \""RWS01_MONICA_10D0040B680668200005\"": 2465.6324779779784, \""RWS01_MONIBAS_0040vwn0728ra\"": 2342.180070958132, \""RWS01_MONICA_10D0040B403D68200005\"": 1534.8556398240753, \""RWS01_MONIBAS_0040vwn0723ra\"": 1221.2671870192776, \""RWS01_MONICA_10D0040B5C2468200005\"": 868.6083937466483, \""RWS01_MONICA_10D0040B545B68200005\"": 725.0619709119824}""","""{\""RWS01_MONICA_10D0040B842E68200005\"": 3200.5041990407453, \""RWS01_MONIBAS_0040vwn0739ra\"": 3405.9226733048595, \""RWS01_MONICA_10D0040B980468200005\"": 3654.834895907425, \""RWS01_MONIBAS_0041hrl0744ra\"": 3854.2757977331175, \""RWS01_MONIBAS_0041hrl0747ra\"": 4185.427126101389, \""RWS01_MONIBAS_0041hrl0751ra\"": 4551.6705056527535, \""RWS01_MONIBAS_0040vwe0763ra\"": 4928.6261912493665, \""RWS01_MONIBAS_0041hrl0754ra\"": 4948.501970967689, \""RWS01_MONIBAS_0150vws0507ra\"": 5458.955875199852}"""
no_incident_camera_baseRWS01_MONIBAS_0150vws0507ra_2020-03-20 01:19:59,2020-03-20 01:19:59,"""{\""RWS01_MONICA_10D0040B7C2C68200005\"": 3000.0, \""RWS01_MONIBAS_0040vwn0734ra\"": 2870.264737601077, \""RWS01_MONICA_10D0040B705468200005\"": 2741.479385480382, \""RWS01_MONICA_10D0040B6C3868200005\"": 2614.2934412085187, \""RWS01_MONICA_10D0040B680668200005\"": 2465.6324779779784, \""RWS01_MONIBAS_0040vwn0728ra\"": 2342.180070958132, \""RWS01_MONICA_10D0040B403D68200005\"": 1534.8556398240753, \""RWS01_MONIBAS_0040vwn0723ra\"": 1221.2671870192776, \""RWS01_MONICA_10D0040B5C2468200005\"": 868.6083937466483, \""RWS01_MONICA_10D0040B545B68200005\"": 725.0619709119824}""","""{\""RWS01_MONICA_10D0040B842E68200005\"": 3200.5041990407453, \""RWS01_MONIBAS_0040vwn0739ra\"": 3405.9226733048595, \""RWS01_MONICA_10D0040B980468200005\"": 3654.834895907425, \""RWS01_MONIBAS_0041hrl0744ra\"": 3854.2757977331175, \""RWS01_MONIBAS_0041hrl0747ra\"": 4185.427126101389, \""RWS01_MONIBAS_0041hrl0751ra\"": 4551.6705056527535, \""RWS01_MONIBAS_0040vwe0763ra\"": 4928.6261912493665, \""RWS01_MONIBAS_0041hrl0754ra\"": 4948.501970967689, \""RWS01_MONIBAS_0150vws0507ra\"": 5458.955875199852}"""
no_incident_camera_baseRWS01_MONIBAS_0150vws0507ra_2020-03-23 03:27:14,2020-03-23 03:27:14,"""{\""RWS01_MONICA_10D0040B7C2C68200005\"": 3000.0, \""RWS01_MONIBAS_0040vwn0734ra\"": 2870.264737601077, \""RWS01_MONICA_10D0040B705468200005\"": 2741.479385480382, \""RWS01_MONICA_10D0040B6C3868200005\"": 2614.2934412085187, \""RWS01_MONICA_10D0040B680668200005\"": 2465.6324779779784, \""RWS01_MONIBAS_0040vwn0728ra\"": 2342.180070958132, \""RWS01_MONICA_10D0040B403D68200005\"": 1534.8556398240753, \""RWS01_MONIBAS_0040vwn0723ra\"": 1221.2671870192776, \""RWS01_MONICA_10D0040B5C2468200005\"": 868.6083937466483, \""RWS01_MONICA_10D0040B545B68200005\"": 725.0619709119824}""","""{\""RWS01_MONICA_10D0040B842E68200005\"": 3200.5041990407453, \""RWS01_MONIBAS_0040vwn0739ra\"": 3405.9226733048595, \""RWS01_MONICA_10D0040B980468200005\"": 3654.834895907425, \""RWS01_MONIBAS_0041hrl0744ra\"": 3854.2757977331175, \""RWS01_MONIBAS_0041hrl0747ra\"": 4185.427126101389, \""RWS01_MONIBAS_0041hrl0751ra\"": 4551.6705056527535, \""RWS01_MONIBAS_0040vwe0763ra\"": 4928.6261912493665, \""RWS01_MONIBAS_0041hrl0754ra\"": 4948.501970967689, \""RWS01_MONIBAS_0150vws0507ra\"": 5458.955875199852}"""
